Forecast,,,,,,,,,,,,,,,,,,,,,,,,,,,,,,,,,,,,,,,,,,,,,,,,,,,,,,,,
,,,,,,,,,,,,,,,,,,,,,,,,,,,,,,,,,,,,,,,,,,,,,,,,,,,,,,,,
,,,,,,,,,,,,,,,,,,,,,,,,,,,,,,,,,,,,,,,,,,,,,,,,,,,,,,,,
,Forecast,GBP,,,,,,,BRL,,,,,,,,,,,GBP,,,,,,,BRL,,,,,,,,Net Worth,Investment,Interest,,,,,,,,,,,,,,,,,,,
,Month/Year,Target,Investment,Interest,MoM Δ,MoM Δ %,APY,,Target BRL,Investment,Interest,MoM Δ,MoM Δ %,APY,Positive Base BRL,Projected BRL,Base Interest %,Interest %,,Actuals,Δ to Target,% Δ to Target,MoM Δ,MoM Δ %,APY,,Actuals,Δ to Target,% Δ to Target,MoM Δ,MoM Δ %,APY,,5Y Total," £1,006,080 "," £279,273 "," £726,807 ",,,,,,,,,,,,,,,,,,,
,Jan/2022," £161,273 ",,, £-   ,0.00%,0.00%,,"R$1,042,039","R$12,000",,,,,"R$1,202,330","R$1,202,330",1.00%,2.60%,," £159,538 ","-£1,735 ",-1.1%, £-   ,0.0%,0.00%,," R$1,202,330 ", R$-   ,0.0%, R$-   ,0.0%,0.0%,,,,,,,,,,,,,,,,,,,,,,,,
,Feb/2022," £167,467 "," £2,000 "," £4,193 "," £6,193 ",3.84%,3.84%,,"R$1,081,132","R$12,000","R$27,093","R$39,093",3.75%,3.75%,"R$1,226,353","R$1,357,901",1.00%,2.60%,," £188,200 "," £20,734 ",12.4%," £28,662 ",18.0%,17.97%,," R$1,357,901 "," R$131,547 ",10.7%," R$155,571 ",12.9%,12.9%,,,,,,,,,,,,,,,,,,,,,,,,
,Mar/2022," £173,821 "," £2,000 "," £4,354 "," £6,354 ",3.79%,7.78%,,"R$1,121,241","R$12,000","R$28,109","R$40,109",3.71%,7.60%,"R$1,250,617","R$1,387,801",1.00%,2.60%,," £209,187 "," £35,366 ",20.3%," £20,987 ",11.2%,31.12%,," R$1,387,801 "," R$137,184 ",11.0%," R$29,900 ",2.2%,15.4%,,,,,,,,,,,,,,,,,,,,,,,,
,Apr/2022," £180,340 "," £2,000 "," £4,519 "," £6,519 ",3.75%,11.82%,,"R$1,162,394","R$12,000","R$29,152","R$41,152",3.67%,11.55%,"R$1,275,123","R$1,423,337",1.00%,2.60%,," £227,032 "," £46,692 ",25.9%," £17,845 ",8.5%,42.31%,," R$1,423,337 "," R$148,213 ",11.6%," R$35,536 ",2.6%,18.4%,,,,,,,,,,,,,,,,,,,,,,,,
,May/2022," £187,029 "," £2,000 "," £4,689 "," £6,689 ",3.71%,15.97%,,"R$1,204,616","R$12,000","R$30,222","R$42,222",3.63%,15.60%,"R$1,299,874","R$1,296,824",1.00%,2.60%,," £211,179 "," £24,150 ",12.9%,"-£15,853 ",-7.0%,32.37%,," R$1,296,824 "," R$(3,050)",-0.2%," R$(126,512)",-8.9%,7.9%,,,,,,,,,,,,,,,,,,,,,,,,
,Jun/2022," £193,892 "," £2,000 "," £4,863 "," £6,863 ",3.67%,20.23%,,"R$1,247,936","R$12,000","R$31,320","R$43,320",3.60%,19.76%,"R$1,324,873","R$1,322,752",1.00%,2.60%,," £205,935 "," £12,043 ",6.2%,"-£5,244 ",-2.5%,29.08%,," R$1,322,752 "," R$(2,121)",-0.2%," R$25,928 ",2.0%,10.0%,,,,,,,,,,,,,,,,,,,,,,,,
,Jul/2022," £200,933 "," £2,000 "," £5,041 "," £7,041 ",3.63%,24.59%,,"R$1,292,382","R$12,000","R$32,446","R$44,446",3.56%,24.02%,"R$1,350,122","R$1,323,032",1.00%,2.60%,," £211,935 "," £11,002 ",5.5%," £6,000 ",2.9%,32.84%,," R$1,323,032 "," R$(27,090)",-2.0%, R$280 ,0.0%,10.0%,,,,,,,,,,,,,,,,,,,,,,,,
,Aug/2022," £208,157 "," £2,000 "," £5,224 "," £7,224 ",3.60%,29.07%,,"R$1,337,984","R$12,000","R$33,602","R$45,602",3.53%,28.40%,"R$1,375,623","R$1,332,001",1.00%,2.60%,," £222,127 "," £13,970 ",6.7%," £10,192 ",4.8%,39.23%,," R$1,332,001 "," R$(43,623)",-3.2%," R$8,968 ",0.7%,10.8%,,,,,,,,,,,,,,,,,,,,,,,,
,Sep/2022," £215,569 "," £2,000 "," £5,412 "," £7,412 ",3.56%,33.67%,,"R$1,384,772","R$12,000","R$34,788","R$46,788",3.50%,32.89%,"R$1,401,379","R$1,349,708",1.00%,2.60%,," £223,264 "," £7,695 ",3.6%," £1,137 ",0.5%,39.94%,," R$1,349,708 "," R$(51,671)",-3.7%," R$17,707 ",1.3%,12.3%,,,,,,,,,,,,,,,,,,,,,,,,
,Oct/2022," £223,174 "," £2,000 "," £5,605 "," £7,605 ",3.53%,38.38%,,"R$1,432,776","R$12,000","R$36,004","R$48,004",3.47%,37.50%,"R$1,427,393","R$1,360,402",1.00%,2.60%,," £226,762 "," £3,588 ",1.6%," £3,498 ",1.6%,42.14%,," R$1,360,402 "," R$(66,991)",-4.7%," R$10,694 ",0.8%,13.1%,,,,,,,,,,,,,,,,,,,,,,,,
,Nov/2022," £230,976 "," £2,000 "," £5,803 "," £7,803 ",3.50%,43.22%,,"R$1,482,028","R$12,000","R$37,252","R$49,252",3.44%,42.22%,"R$1,453,667","R$1,389,174",1.00%,2.60%,," £214,764 ","-£16,212 ",-7.0%,"-£11,998 ",-5.3%,34.62%,," R$1,389,174 "," R$(64,493)",-4.4%," R$28,772 ",2.1%,15.5%,,,,,,,,,,,,,,,,,,,,,,,,
,Dec/2022," £238,982 "," £2,000 "," £6,005 "," £8,005 ",3.47%,48.18%,,"R$1,532,561","R$12,000","R$38,533","R$50,533",3.41%,47.07%,"R$1,480,204","R$1,434,757",1.00%,2.60%,," £222,144 ","-£16,837 ",-7.0%," £7,380 ",3.4%,39.24%,," R$1,434,757 "," R$(45,447)",-3.1%," R$45,582 ",3.3%,19.3%,,,,,,,,,,,,,,,,,,,,,,,,
,Jan/2023," £247,195 "," £2,000 "," £6,214 "," £8,214 ",3.44%,0.00%,,"R$1,584,407","R$12,000","R$39,847","R$51,847",3.38%,0.00%,"R$1,507,006","R$1,376,061",1.00%,2.60%,," £220,336 ","-£26,859 ",-10.9%,"-£1,808 ",-0.8%,0.00%,," R$1,376,061 "," R$(130,945)",-8.7%," R$(58,696)",-4.1%,0.0%,,,,,,,,,,,,,,,,,,,,,,,,
,Feb/2023," £255,622 "," £2,000 "," £6,427 "," £8,427 ",3.41%,3.41%,,"R$1,637,602","R$12,000","R$41,195","R$53,195",3.36%,3.36%,"R$1,534,076","R$1,402,290",1.00%,2.60%,," £222,693 ","-£57,575 ",-22.5%," £1,814 ",0.9%,0.92%,," R$1,402,290 "," R$(131,786)",-8.6%," R$26,229 ",1.9%,1.9%,,,,,,,,,,,,,,,,,,,,,,,,
,Mar/2023," £264,269 "," £2,000 "," £6,646 "," £8,646 ",3.38%,6.91%,,"R$1,692,180","R$12,000","R$42,578","R$54,578",3.33%,6.80%,"R$1,561,417","R$1,414,469",1.00%,2.60%,," £225,622 ","-£63,835 ",-24.2%," £2,386 ",1.2%,2.14%,," R$1,414,469 "," R$(146,947)",-9.4%," R$12,180 ",0.9%,2.8%,,,,,,,,,,,,,,,,,,,,,,,,
,Apr/2023," £273,140 "," £2,000 "," £6,871 "," £8,871 ",3.36%,10.50%,,"R$1,748,176","R$12,000","R$43,997","R$55,997",3.31%,10.34%,"R$1,589,031","R$1,441,815",1.00%,2.60%,," £230,715 ","-£68,038 ",-24.9%," £4,667 ",2.3%,4.52%,," R$1,441,815 "," R$(147,216)",-9.3%," R$27,346 ",1.9%,4.8%,,,,,,,,,,,,,,,,,,,,,,,,
,May/2023," £282,241 "," £2,000 "," £7,102 "," £9,102 ",3.33%,14.18%,,"R$1,805,629","R$12,000","R$45,453","R$57,453",3.29%,13.96%,"R$1,616,921","R$1,469,394",1.00%,2.60%,," £233,052 ","-£75,535 ",-26.8%," £1,605 ",0.8%,5.34%,," R$1,469,394 "," R$(147,527)",-9.1%," R$27,579 ",1.9%,6.8%,,,,,,,,,,,,,,,,,,,,,,,,
,Jun/2023," £291,580 "," £2,000 "," £7,338 "," £9,338 ",3.31%,17.96%,,"R$1,864,575","R$12,000","R$46,946","R$58,946",3.26%,17.68%,"R$1,645,090","R$1,491,460",1.00%,2.60%,," £243,129 ","-£48,451 ",-16.6%," £10,076 ",4.3%,10.34%,," R$1,491,460 "," R$(153,630)",-9.3%," R$22,067 ",1.5%,8.4%,,,,,,,,,,,,,,,,,,,,,,,,
,Jul/2023," £301,161 "," £2,000 "," £7,581 "," £9,581 ",3.29%,21.83%,,"R$1,925,054","R$12,000","R$48,479","R$60,479",3.24%,21.50%,"R$1,673,541","R$1,513,897",1.00%,2.60%,," £248,761 ","-£79,833 ",-26.5%," £4,997 ",2.3%,12.79%,," R$1,513,897 "," R$(159,645)",-9.5%," R$22,436 ",1.5%,10.0%,,,,,,,,,,,,,,,,,,,,,,,,
,Aug/2023," £310,991 "," £2,000 "," £7,830 "," £9,830 ",3.26%,25.81%,,"R$1,987,106","R$12,000","R$50,051","R$62,051",3.22%,25.42%,"R$1,702,277","R$1,531,018",1.00%,2.60%,," £247,005 ","-£92,180 ",-29.6%,"-£2,517 ",-1.1%,11.51%,," R$1,531,018 "," R$(171,258)",-10.1%," R$17,122 ",1.1%,11.3%,,,,,,,,,,,,,,,,,,,,,,,,
,Sep/2023," £321,077 "," £2,000 "," £8,086 "," £10,086 ",3.24%,29.89%,,"R$2,050,770","R$12,000","R$51,665","R$63,665",3.20%,29.43%,"R$1,731,299","R$1,545,484",1.00%,2.60%,," £250,535 ","-£96,947 ",-30.2%," £5,318 ",2.4%,14.22%,," R$1,545,484 "," R$(185,815)",-10.7%," R$14,466 ",0.9%,12.3%,,,,,,,,,,,,,,,,,,,,,,,,
,Oct/2023," £331,424 "," £2,000 "," £8,348 "," £10,348 ",3.22%,34.07%,,"R$2,116,090","R$12,000","R$53,320","R$65,320",3.19%,33.56%,"R$1,760,612","R$1,562,065",1.00%,2.60%,," £253,697 ","-£107,152 ",-32.3%, £144 ,0.1%,14.29%,," R$1,562,065 "," R$(198,547)",-11.3%," R$16,581 ",1.1%,13.5%,,,,,,,,,,,,,,,,,,,,,,,,
,Nov/2023," £342,042 "," £2,000 "," £8,617 "," £10,617 ",3.20%,38.37%,,"R$2,183,109","R$12,000","R$55,018","R$67,018",3.17%,37.79%,"R$1,790,218","R$1,593,184",1.00%,2.60%,," £255,712 ","-£86,329 ",-25.2%," £2,015 ",0.8%,16.06%,," R$1,593,184 "," R$(197,035)",-11.0%," R$31,119 ",2.0%,15.8%,,,,,,,,,,,,,,,,,,,,,,,,
,Dec/2023," £352,935 "," £2,000 "," £8,893 "," £10,893 ",3.18%,42.78%,,"R$2,251,870","R$12,000","R$56,761","R$68,761",3.15%,42.13%,"R$1,820,121","R$1,615,901",1.00%,2.60%,," £261,187 ","-£122,293 ",-34.7%," £4,971 ",2.2%,17.53%,," R$1,615,901 "," R$(204,220)",-11.2%," R$22,717 ",1.4%,17.4%,,,,,,,,,,,,,,,,,,,,,,,,
,Jan/2024," £364,111 "," £2,000 "," £9,176 "," £11,176 ",3.17%,0.00%,,"R$2,322,418","R$12,000","R$58,549","R$70,549",3.13%,0.00%,"R$1,850,322","R$1,636,262",1.00%,2.60%,," £259,812 ","-£104,299 ",-28.6%,-£421 ,-0.2%,0.00%,," R$1,636,262 "," R$(214,060)",-11.6%," R$20,361 ",1.3%,0.0%,,,,,,,,,,,,,,,,,,,,,,,,
,Feb/2024," £375,578 "," £2,000 "," £9,467 "," £11,467 ",3.15%,3.15%,,"R$2,394,801","R$12,000","R$60,383","R$72,383",3.12%,3.12%,"R$1,880,825","R$1,664,317",1.00%,2.60%,," £265,061 ","-£110,517 ",-29.4%," £5,249 ",2.0%,2.02%,," R$1,664,317 "," R$(216,508)",-11.5%," R$28,055 ",1.7%,1.7%,,,,,,,,,,,,,,,,,,,,,,,,
,Mar/2024," £387,343 "," £2,000 "," £9,765 "," £11,765 ",3.13%,6.38%,,"R$2,469,066","R$12,000","R$62,265","R$74,265",3.10%,6.31%,"R$1,911,633","R$1,744,785",1.00%,2.60%,," £277,123 ","-£110,220 ",-28.5%," £12,062 ",4.6%,6.66%,," R$1,744,785 "," R$(166,848)",-8.7%," R$80,468 ",4.8%,6.6%,,,,,,,,,,,,,,,,,,,,,,,,
,Apr/2024," £399,414 "," £2,000 "," £10,071 "," £12,071 ",3.12%,9.70%,,"R$2,545,262","R$12,000","R$64,196","R$76,196",3.09%,9.60%,"R$1,942,750","R$1,785,526",1.00%,2.60%,," £275,342 ","-£124,072 ",-31.1%,"-£1,781 ",-0.6%,5.98%,," R$1,785,526 "," R$(157,224)",-8.1%," R$40,741 ",2.3%,9.1%,,,,,,,,,,,,,,,,,,,,,,,,
,May/2024," £411,798 "," £2,000 "," £10,385 "," £12,385 ",3.10%,13.10%,,"R$2,623,438","R$12,000","R$66,177","R$78,177",3.07%,12.96%,"R$1,974,177","R$1,834,414",1.00%,2.60%,," £275,217 ","-£136,582 ",-33.2%,-£125 ,0.0%,5.93%,," R$1,834,414 "," R$(139,763)",-7.1%," R$48,889 ",2.7%,12.1%,,,,,,,,,,,,,,,,,,,,,,,,
,Jun/2024," £424,505 "," £2,000 "," £10,707 "," £12,707 ",3.09%,16.59%,,"R$2,703,648","R$12,000","R$68,209","R$80,209",3.06%,16.42%,"R$2,005,919","R$1,885,855",1.00%,2.60%,," £271,025 ","-£153,480 ",-36.2%,"-£4,191 ",-1.5%,4.32%,," R$1,885,855 "," R$(120,064)",-6.0%," R$51,441 ",2.8%,15.3%,,,,,,,,,,,,,,,,,,,,,,,,
,Jul/2024," £437,542 "," £2,000 "," £11,037 "," £13,037 ",3.07%,20.17%,,"R$2,785,943","R$12,000","R$70,295","R$82,295",3.04%,19.96%,"R$2,037,978","R$1,930,281",1.00%,2.60%,," £267,195 ","-£170,347 ",-38.9%,"-£3,830 ",-1.4%,2.84%,," R$1,930,281 "," R$(107,697)",-5.3%," R$44,426 ",2.4%,18.0%,,,,,,,,,,,,,,,,,,,,,,,,
,Aug/2024," £450,918 "," £2,000 "," £11,376 "," £13,376 ",3.06%,23.84%,,"R$2,870,377","R$12,000","R$72,435","R$84,435",3.03%,23.59%,"R$2,070,358","R$1,946,792",1.00%,2.60%,," £262,274 ","-£188,645 ",-41.8%,"-£4,922 ",-1.8%,0.95%,," R$1,946,792 "," R$(123,566)",-6.0%," R$16,511 ",0.9%,19.0%,,,,,,,,,,,,,,,,,,,,,,,,
,Sep/2024," £464,642 "," £2,000 "," £11,724 "," £13,724 ",3.04%,27.61%,,"R$2,957,007","R$12,000","R$74,630","R$86,630",3.02%,27.32%,"R$2,103,061","R$1,955,076",1.00%,2.60%,," £271,191 ","-£193,452 ",-41.6%," £8,917 ",3.4%,4.38%,," R$1,955,076 "," R$(147,985)",-7.0%," R$8,284 ",0.4%,19.5%,,,,,,,,,,,,,,,,,,,,,,,,
,Oct/2024," £478,723 "," £2,000 "," £12,081 "," £14,081 ",3.03%,31.48%,,"R$3,045,889","R$12,000","R$76,882","R$88,882",3.01%,31.15%,"R$2,136,092","R$2,112,909",1.00%,2.60%,," £282,511 ","-£196,212 ",-41.0%," £11,320 ",4.2%,8.74%,," R$2,112,909 "," R$(23,183)",-1.1%," R$157,833 ",8.1%,29.1%,,,,,,,,,,,,,,,,,,,,,,,,
,Nov/2024," £493,170 "," £2,000 "," £12,447 "," £14,447 ",3.02%,35.44%,,"R$3,137,082","R$12,000","R$79,193","R$91,193",2.99%,35.08%,"R$2,169,453","R$2,255,170",1.00%,2.60%,," £294,315 ","-£198,855 ",-40.3%," £11,804 ",4.2%,13.28%,," R$2,255,170 "," R$85,717 ",4.0%," R$142,260 ",6.7%,37.8%,,,,,,,,,,,,,,,,,,,,,,,,
,Dec/2024," £507,992 "," £2,000 "," £12,822 "," £14,822 ",3.01%,39.52%,,"R$3,230,646","R$12,000","R$81,564","R$93,564",2.98%,39.11%,"R$2,203,148","R$2,240,219",1.00%,2.60%,," £293,979 ","-£214,013 ",-42.1%,-£336 ,-0.1%,13.15%,," R$2,240,219 "," R$37,071 ",1.7%," R$(14,951)",-0.7%,36.9%,,,,,,,,,,,,,,,,,,,,,,,,
,Jan/2025," £523,200 "," £2,000 "," £13,208 "," £15,208 ",2.99%,0.00%,,"R$3,326,643","R$12,000","R$83,997","R$95,997",2.97%,0.00%,"R$2,237,179","R$2,259,892",1.00%,2.60%,," £312,165 ","-£211,035 ",-40.3%," £18,186 ",6.2%,20.15%,," R$2,259,892 "," R$22,713 ",1.0%," R$19,673 ",0.9%,0.0%,,,,,,,,,,,,,,,,,,,,,,,,
,Feb/2025," £538,803 "," £2,000 "," £13,603 "," £15,603 ",2.98%,2.98%,,"R$3,425,136","R$12,000","R$86,493","R$98,493",2.96%,2.96%,"R$2,271,551","R$2,266,769",1.00%,2.60%,," £303,768 ","-£235,035 ",-43.6%,"-£8,397 ",-2.7%,16.92%,," R$2,266,769 "," R$(4,782)",-0.2%," R$6,877 ",0.3%,0.3%,,,,,,,,,,,,,,,,,,,,,,,,
,Mar/2025," £554,812 "," £2,000 "," £14,009 "," £16,009 ",2.97%,6.04%,,"R$3,526,189","R$12,000","R$89,054","R$101,054",2.95%,6.00%,"R$2,306,266","R$2,240,632",1.00%,2.60%,," £304,747 ","-£250,065 ",-45.1%, £979 ,0.3%,17.30%,," R$2,240,632 "," R$(65,634)",-2.8%," R$(26,136)",-1.2%,-0.9%,,,,,,,,,,,,,,,,,,,,,,,,
,Apr/2025," £571,237 "," £2,000 "," £14,425 "," £16,425 ",2.96%,9.18%,,"R$3,629,870","R$12,000","R$91,681","R$103,681",2.94%,9.12%,"R$2,341,329","R$2,316,398",1.00%,2.60%,," £307,457 ","-£263,781 ",-46.2%," £2,709 ",0.9%,18.34%,," R$2,316,398 "," R$(24,931)",-1.1%," R$75,765 ",3.4%,2.5%,,,,,,,,,,,,,,,,,,,,,,,,
,May/2025," £588,089 "," £2,000 "," £14,852 "," £16,852 ",2.95%,12.40%,,"R$3,736,247","R$12,000","R$94,377","R$106,377",2.93%,12.31%,"R$2,376,742","R$2,394,293",1.00%,2.60%,," £313,543 ","-£274,546 ",-46.7%," £6,086 ",2.0%,20.68%,," R$2,394,293 "," R$17,550 ",0.7%," R$77,895 ",3.4%,5.9%,,,,,,,,,,,,,,,,,,,,,,,,
,Jun/2025," £605,380 "," £2,000 "," £15,290 "," £17,290 ",2.94%,15.71%,,"R$3,845,389","R$12,000","R$97,142","R$109,142",2.92%,15.59%,"R$2,412,510","R$2,389,552",1.00%,2.60%,," £319,534 ","-£285,846 ",-47.2%," £5,991 ",1.9%,22.99%,," R$2,389,552 "," R$(22,957)",-1.0%," R$(4,740)",-0.2%,5.7%,,,,,,,,,,,,,,,,,,,,,,,,
,Jul/2025," £623,120 "," £2,000 "," £15,740 "," £17,740 ",2.93%,19.10%,,"R$3,957,370","R$12,000","R$99,980","R$111,980",2.91%,18.96%,"R$2,448,635","R$2,395,605",1.00%,2.60%,," £325,215 ","-£296,904 ",-47.6%," £6,681 ",2.1%,25.56%,," R$2,395,605 "," R$(53,030)",-2.2%," R$6,053 ",0.3%,6.0%,,,,,,,,,,,,,,,,,,,,,,,,
,Aug/2025," £641,321 "," £2,000 "," £16,201 "," £18,201 ",2.92%,22.58%,,"R$4,072,261","R$12,000","R$102,892","R$114,892",2.90%,22.41%,"R$2,485,121","R$2,422,602",1.00%,2.60%,," £332,262 ","-£309,058 ",-48.2%," £7,047 ",2.2%,27.89%,," R$2,422,602 "," R$(62,520)",-2.5%," R$26,996 ",1.1%,7.2%,,,,,,,,,,,,,,,,,,,,,,,,
,Sep/2025," £659,995 "," £2,000 "," £16,674 "," £18,674 ",2.91%,26.15%,,"R$4,190,140","R$12,000","R$105,879","R$117,879",2.89%,25.96%,"R$2,521,972","R$2,442,270",1.00%,2.60%,," £340,802 ","-£319,193 ",-48.4%," £8,539 ",2.6%,31.17%,," R$2,442,270 "," R$(79,703)",-3.2%," R$19,668 ",0.8%,8.1%,,,,,,,,,,,,,,,,,,,,,,,,
,Oct/2025," £679,155 "," £2,000 "," £17,160 "," £19,160 ",2.90%,29.81%,,"R$4,311,084","R$12,000","R$108,944","R$120,944",2.89%,29.59%,"R$2,559,192","R$2,485,434",1.00%,2.60%,," £353,958 ","-£325,197 ",-47.9%," £13,157 ",3.9%,36.24%,," R$2,485,434 "," R$(73,758)",-2.9%," R$43,164 ",1.8%,10.0%,,,,,,,,,,,,,,,,,,,,,,,,
,Nov/2025," £698,813 "," £2,000 "," £17,658 "," £19,658 ",2.89%,33.57%,,"R$4,435,172","R$12,000","R$112,088","R$124,088",2.88%,33.32%,"R$2,596,784","R$2,517,079",1.00%,2.60%,," £353,323 ","-£345,490 ",-49.4%,-£635 ,-0.2%,35.99%,," R$2,517,079 "," R$(79,705)",-3.1%," R$31,645 ",1.3%,11.4%,,,,,,,,,,,,,,,,,,,,,,,,
,Dec/2025," £718,982 "," £2,000 "," £18,169 "," £20,169 ",2.89%,37.42%,,"R$4,562,486","R$12,000","R$115,314","R$127,314",2.87%,37.15%,"R$2,634,752","R$2,611,836",1.00%,2.60%,," £357,090 ","-£361,892 ",-50.3%," £3,767 ",1.1%,37.44%,," R$2,611,836 "," R$(22,915)",-0.9%," R$94,757 ",3.8%,15.6%,,,,,,,,,,,,,,,,,,,,,,,,
,Jan/2026," £739,676 "," £2,000 "," £18,694 "," £20,694 ",2.88%,0.00%,,"R$4,693,111","R$12,000","R$118,625","R$130,625",2.86%,0.00%,"R$2,673,099","R$2,600,646",1.00%,2.60%,," £363,711 ","-£375,965 ",-50.8%," £6,621 ",1.9%,39.99%,," R$2,600,646 "," R$(72,453)",-2.7%," R$(11,190)",-0.4%,0.0%,,,,,,,,,,,,,,,,,,,,,,,,
,Feb/2026," £760,907 "," £2,000 "," £19,232 "," £21,232 ",2.87%,2.87%,,"R$4,827,132","R$12,000","R$122,021","R$134,021",2.86%,2.86%,"R$2,711,830","R$2,638,653",1.00%,2.60%,," £360,135 ","-£400,772 ",-52.7%,"-£3,576 ",-1.0%,38.61%,," R$2,565,972 "," R$(145,859)",-5.4%," R$(34,674)",-1.3%,-1.3%,,,,,,,,,,,,,,,,,,,,,,,,
,Mar/2026," £782,691 "," £2,000 "," £19,784 "," £21,784 ",2.86%,5.82%,,"R$4,964,637","R$12,000","R$125,505","R$137,505",2.85%,5.79%,"R$2,750,949","R$2,677,039",1.00%,2.60%,,,,,,,,,,,,,,,,,,,,,,,,,,,,,,,,,,,,,,
,Apr/2026," £805,041 "," £2,000 "," £20,350 "," £22,350 ",2.86%,8.84%,,"R$5,105,718","R$12,000","R$129,081","R$141,081",2.84%,8.79%,"R$2,790,458","R$2,715,809",1.00%,2.60%,,,,,,,,,,,,,,,,,,,,,,,,,,,,,,,,,,,,,,
,May/2026," £827,972 "," £2,000 "," £20,931 "," £22,931 ",2.85%,11.94%,,"R$5,250,466","R$12,000","R$132,749","R$144,749",2.84%,11.88%,"R$2,830,363","R$2,754,968",1.00%,2.60%,,,,,,,,,,,,,,,,,,,,,,,,,,,,,,,,,,,,,,
,Jun/2026," £851,499 "," £2,000 "," £21,527 "," £23,527 ",2.84%,15.12%,,"R$5,398,979","R$12,000","R$136,512","R$148,512",2.83%,15.04%,"R$2,870,666","R$2,794,517",1.00%,2.60%,,,,,,,,,,,,,,,,,,,,,,,,,,,,,,,,,,,,,,
,Jul/2026," £875,638 "," £2,000 "," £22,139 "," £24,139 ",2.83%,18.38%,,"R$5,551,352","R$12,000","R$140,373","R$152,373",2.82%,18.29%,"R$2,911,373","R$2,834,462",1.00%,2.60%,,,,,,,,,,,,,,,,,,,,,,,,,,,,,,,,,,,,,,
,Aug/2026," £900,405 "," £2,000 "," £22,767 "," £24,767 ",2.83%,21.73%,,"R$5,707,687","R$12,000","R$144,335","R$156,335",2.82%,21.62%,"R$2,952,487","R$2,874,807",1.00%,2.60%,,,,,,,,,,,,,,,,,,,,,,,,,,,,,,,,,,,,,,
,Sep/2026," £925,815 "," £2,000 "," £23,411 "," £25,411 ",2.82%,25.17%,,"R$5,868,087","R$12,000","R$148,400","R$160,400",2.81%,25.04%,"R$2,994,012","R$2,915,555",1.00%,2.60%,,,,,,,,,,,,,,,,,,,,,,,,,,,,,,,,,,,,,,
,Oct/2026," £951,886 "," £2,000 "," £24,071 "," £26,071 ",2.82%,28.69%,,"R$6,032,657","R$12,000","R$152,570","R$164,570",2.80%,28.54%,"R$3,035,952","R$2,956,711",1.00%,2.60%,,,,,,,,,,,,,,,,,,,,,,,,,,,,,,,,,,,,,,
,Nov/2026," £978,635 "," £2,000 "," £24,749 "," £26,749 ",2.81%,32.31%,,"R$6,201,506","R$12,000","R$156,849","R$168,849",2.80%,32.14%,"R$3,078,311","R$2,998,278",1.00%,2.60%,,,,,,,,,,,,,,,,,,,,,,,,,,,,,,,,,,,,,,
,Dec/2026," £1,006,080 "," £2,000 "," £25,445 "," £27,445 ",2.80%,36.02%,,"R$6,374,745","R$12,000","R$161,239","R$173,239",2.79%,35.83%,"R$3,121,094","R$3,040,261",1.00%,2.60%,,,,,,,,,,,,,,,,,,,,,,,,,,,,,,,,,,,,,,
,Jan/2027," £1,034,238 "," £2,000 "," £26,158 "," £28,158 ",2.80%,39.82%,,"R$6,552,489","R$12,000","R$165,743","R$177,743",2.79%,0.00%,"R$3,164,305","R$3,082,663",1.00%,2.60%,,,,,,,,,,,,,,,,,,,,,,,,,,,,,,,,,,,,,,
,Feb/2027," £1,063,128 "," £2,000 "," £26,890 "," £28,890 ",2.79%,43.73%,,"R$6,734,854","R$12,000","R$170,365","R$182,365",2.78%,2.78%,"R$3,207,948","R$3,125,490",1.00%,2.60%,,,,,,,,,,,,,,,,,,,,,,,,,,,,,,,,,,,,,,
,Mar/2027," £1,092,770 "," £2,000 "," £27,641 "," £29,641 ",2.79%,47.74%,,"R$6,921,960","R$12,000","R$175,106","R$187,106",2.78%,5.64%,"R$3,252,028","R$3,168,745",1.00%,2.60%,,,,,,,,,,,,,,,,,,,,,,,,,,,,,,,,,,,,,,
,Apr/2027," £1,123,182 "," £2,000 "," £28,412 "," £30,412 ",2.78%,51.85%,,"R$7,113,931","R$12,000","R$179,971","R$191,971",2.77%,8.57%,"R$3,296,548","R$3,212,432",1.00%,2.60%,,,,,,,,,,,,,,,,,,,,,,,,,,,,,,,,,,,,,,
,May/2027," £1,154,384 "," £2,000 "," £29,203 "," £31,203 ",2.78%,56.07%,,"R$7,310,893","R$12,000","R$184,962","R$196,962",2.77%,11.57%,"R$3,341,514","R$3,256,556",1.00%,2.60%,,,,,,,,,,,,,,,,,,,,,,,,,,,,,,,,,,,,,,
,Jun/2027," £1,186,398 "," £2,000 "," £30,014 "," £32,014 ",2.77%,60.39%,,"R$7,512,976","R$12,000","R$190,083","R$202,083",2.76%,14.66%,"R$3,386,929","R$3,301,122",1.00%,2.60%,,,,,,,,,,,,,,,,,,,,,,,,,,,,,,,,,,,,,,
,Jul/2027," £1,219,245 "," £2,000 "," £30,846 "," £32,846 ",2.77%,64.84%,,"R$7,720,314","R$12,000","R$195,337","R$207,337",2.76%,17.82%,"R$3,432,798","R$3,346,133",1.00%,2.60%,,,,,,,,,,,,,,,,,,,,,,,,,,,,,,,,,,,,,,
,Aug/2027," £1,252,945 "," £2,000 "," £31,700 "," £33,700 ",2.76%,69.39%,,"R$7,933,042","R$12,000","R$200,728","R$212,728",2.76%,21.07%,"R$3,479,126","R$3,391,595",1.00%,2.60%,,,,,,,,,,,,,,,,,,,,,,,,,,,,,,,,,,,,,,
,Sep/2027," £1,287,522 "," £2,000 "," £32,577 "," £34,577 ",2.76%,74.07%,,"R$8,151,301","R$12,000","R$206,259","R$218,259",2.75%,24.40%,"R$3,525,917","R$3,437,511",1.00%,2.60%,,,,,,,,,,,,,,,,,,,,,,,,,,,,,,,,,,,,,,
,Oct/2027," £1,322,997 "," £2,000 "," £33,476 "," £35,476 ",2.76%,78.86%,,"R$8,375,235","R$12,000","R$211,934","R$223,934",2.75%,27.82%,"R$3,573,176","R$3,483,886",1.00%,2.60%,,,,,,,,,,,,,,,,,,,,,,,,,,,,,,,,,,,,,,
,Nov/2027," £1,359,395 "," £2,000 "," £34,398 "," £36,398 ",2.75%,83.78%,,"R$8,604,991","R$12,000","R$217,756","R$229,756",2.74%,31.32%,"R$3,620,908","R$3,530,724",1.00%,2.60%,,,,,,,,,,,,,,,,,,,,,,,,,,,,,,,,,,,,,,
,Dec/2027," £1,396,739 "," £2,000 "," £35,344 "," £37,344 ",2.75%,88.83%,,"R$8,840,720","R$12,000","R$223,730","R$235,730",2.74%,34.92%,"R$3,669,117","R$3,578,032",1.00%,2.60%,,,,,,,,,,,,,,,,,,,,,,,,,,,,,,,,,,,,,,
,Jan/2028," £1,435,055 "," £2,000 "," £36,315 "," £38,315 ",2.74%,94.01%,,"R$9,082,579","R$12,000","R$229,859","R$241,859",2.74%,0.00%,"R$3,717,808","R$3,625,812",1.00%,2.60%,,,,,,,,,,,,,,,,,,,,,,,,,,,,,,,,,,,,,,
,Feb/2028," £1,474,366 "," £2,000 "," £37,311 "," £39,311 ",2.74%,99.33%,,"R$9,330,726","R$12,000","R$236,147","R$248,147",2.73%,2.73%,"R$3,766,987","R$3,674,070",1.00%,2.60%,,,,,,,,,,,,,,,,,,,,,,,,,,,,,,,,,,,,,,
,Mar/2028," £1,514,700 "," £2,000 "," £38,334 "," £40,334 ",2.74%,104.78%,,"R$9,585,325","R$12,000","R$242,599","R$254,599",2.73%,5.54%,"R$3,816,656","R$3,722,811",1.00%,2.60%,,,,,,,,,,,,,,,,,,,,,,,,,,,,,,,,,,,,,,
,Apr/2028," £1,556,082 "," £2,000 "," £39,382 "," £41,382 ",2.73%,110.37%,,"R$9,846,544","R$12,000","R$249,218","R$261,218",2.73%,8.41%,"R$3,866,823","R$3,772,039",1.00%,2.60%,,,,,,,,,,,,,,,,,,,,,,,,,,,,,,,,,,,,,,
,May/2028," £1,598,540 "," £2,000 "," £40,458 "," £42,458 ",2.73%,116.11%,,"R$10,114,554","R$12,000","R$256,010","R$268,010",2.72%,11.36%,"R$3,917,491","R$3,821,759",1.00%,2.60%,,,,,,,,,,,,,,,,,,,,,,,,,,,,,,,,,,,,,,
,Jun/2028," £1,642,102 "," £2,000 "," £41,562 "," £43,562 ",2.73%,122.00%,,"R$10,389,532","R$12,000","R$262,978","R$274,978",2.72%,14.39%,"R$3,968,666","R$3,871,977",1.00%,2.60%,,,,,,,,,,,,,,,,,,,,,,,,,,,,,,,,,,,,,,
,Jul/2028," £1,686,797 "," £2,000 "," £42,695 "," £44,695 ",2.72%,128.05%,,"R$10,671,660","R$12,000","R$270,128","R$282,128",2.72%,17.50%,"R$4,020,353","R$3,922,697",1.00%,2.60%,,,,,,,,,,,,,,,,,,,,,,,,,,,,,,,,,,,,,,
,Aug/2028," £1,732,653 "," £2,000 "," £43,857 "," £45,857 ",2.72%,134.24%,,"R$10,961,123","R$12,000","R$277,463","R$289,463",2.71%,20.68%,"R$4,072,556","R$3,973,924",1.00%,2.60%,,,,,,,,,,,,,,,,,,,,,,,,,,,,,,,,,,,,,,
,Sep/2028," £1,779,702 "," £2,000 "," £45,049 "," £47,049 ",2.72%,140.61%,,"R$11,258,112","R$12,000","R$284,989","R$296,989",2.71%,23.95%,"R$4,125,282","R$4,025,663",1.00%,2.60%,,,,,,,,,,,,,,,,,,,,,,,,,,,,,,,,,,,,,,
,Oct/2028," £1,827,974 "," £2,000 "," £46,272 "," £48,272 ",2.71%,147.13%,,"R$11,562,823","R$12,000","R$292,711","R$304,711",2.71%,27.31%,"R$4,178,535","R$4,077,920",1.00%,2.60%,,,,,,,,,,,,,,,,,,,,,,,,,,,,,,,,,,,,,,
,Nov/2028," £1,877,502 "," £2,000 "," £47,527 "," £49,527 ",2.71%,153.83%,,"R$11,875,457","R$12,000","R$300,633","R$312,633",2.70%,30.75%,"R$4,232,320","R$4,130,699",1.00%,2.60%,,,,,,,,,,,,,,,,,,,,,,,,,,,,,,,,,,,,,,
,Dec/2028," £1,928,317 "," £2,000 "," £48,815 "," £50,815 ",2.71%,160.70%,,"R$12,196,218","R$12,000","R$308,762","R$320,762",2.70%,34.28%,"R$4,286,643","R$4,184,006",1.00%,2.60%,,,,,,,,,,,,,,,,,,,,,,,,,,,,,,,,,,,,,,
,Jan/2029," £1,980,453 "," £2,000 "," £50,136 "," £52,136 ",2.70%,167.75%,,"R$12,525,320","R$12,000","R$317,102","R$329,102",2.70%,0.00%,"R$4,341,510","R$4,237,846",1.00%,2.60%,,,,,,,,,,,,,,,,,,,,,,,,,,,,,,,,,,,,,,
,Feb/2029," £2,033,945 "," £2,000 "," £51,492 "," £53,492 ",2.70%,174.98%,,"R$12,862,978","R$12,000","R$325,658","R$337,658",2.70%,2.70%,"R$4,396,925","R$4,292,224",1.00%,2.60%,,,,,,,,,,,,,,,,,,,,,,,,,,,,,,,,,,,,,,
,Mar/2029," £2,088,827 "," £2,000 "," £52,883 "," £54,883 ",2.70%,182.40%,,"R$13,209,416","R$12,000","R$334,437","R$346,437",2.69%,5.46%,"R$4,452,894","R$4,347,146",1.00%,2.60%,,,,,,,,,,,,,,,,,,,,,,,,,,,,,,,,,,,,,,
,Apr/2029," £2,145,137 "," £2,000 "," £54,310 "," £56,310 ",2.70%,190.01%,,"R$13,564,861","R$12,000","R$343,445","R$355,445",2.69%,8.30%,"R$4,509,423","R$4,402,618",1.00%,2.60%,,,,,,,,,,,,,,,,,,,,,,,,,,,,,,,,,,,,,,
,May/2029," £2,202,911 "," £2,000 "," £55,774 "," £57,774 ",2.69%,197.82%,,"R$13,929,547","R$12,000","R$352,686","R$364,686",2.69%,11.21%,"R$4,566,517","R$4,458,644",1.00%,2.60%,,,,,,,,,,,,,,,,,,,,,,,,,,,,,,,,,,,,,,
,Jun/2029," £2,262,186 "," £2,000 "," £57,276 "," £59,276 ",2.69%,205.83%,,"R$14,303,715","R$12,000","R$362,168","R$374,168",2.69%,14.20%,"R$4,624,182","R$4,515,231",1.00%,2.60%,,,,,,,,,,,,,,,,,,,,,,,,,,,,,,,,,,,,,,
,Jul/2029," £2,323,003 "," £2,000 "," £58,817 "," £60,817 ",2.69%,214.06%,,"R$14,687,612","R$12,000","R$371,897","R$383,897",2.68%,17.26%,"R$4,682,424","R$4,572,383",1.00%,2.60%,,,,,,,,,,,,,,,,,,,,,,,,,,,,,,,,,,,,,,
,Aug/2029," £2,385,401 "," £2,000 "," £60,398 "," £62,398 ",2.69%,222.49%,,"R$15,081,490","R$12,000","R$381,878","R$393,878",2.68%,20.41%,"R$4,741,248","R$4,630,107",1.00%,2.60%,,,,,,,,,,,,,,,,,,,,,,,,,,,,,,,,,,,,,,
,Sep/2029," £2,449,422 "," £2,000 "," £62,020 "," £64,020 ",2.68%,231.15%,,"R$15,485,609","R$12,000","R$392,119","R$404,119",2.68%,23.63%,"R$4,800,661","R$4,688,408",1.00%,2.60%,,,,,,,,,,,,,,,,,,,,,,,,,,,,,,,,,,,,,,
,Oct/2029," £2,515,106 "," £2,000 "," £63,685 "," £65,685 ",2.68%,240.03%,,"R$15,900,234","R$12,000","R$402,626","R$414,626",2.68%,26.94%,"R$4,860,668","R$4,747,292",1.00%,2.60%,,,,,,,,,,,,,,,,,,,,,,,,,,,,,,,,,,,,,,
,Nov/2029," £2,582,499 "," £2,000 "," £65,393 "," £67,393 ",2.68%,249.14%,,"R$16,325,640","R$12,000","R$413,406","R$425,406",2.68%,30.34%,"R$4,921,274","R$4,806,765",1.00%,2.60%,,,,,,,,,,,,,,,,,,,,,,,,,,,,,,,,,,,,,,
,Dec/2029," £2,651,644 "," £2,000 "," £67,145 "," £69,145 ",2.68%,258.49%,,"R$16,762,107","R$12,000","R$424,467","R$436,467",2.67%,33.83%,"R$4,982,487","R$4,866,832",1.00%,2.60%,,,,,,,,,,,,,,,,,,,,,,,,,,,,,,,,,,,,,,
,Jan/2030," £2,722,587 "," £2,000 "," £68,943 "," £70,943 ",2.68%,268.08%,,"R$17,209,922","R$12,000","R$435,815","R$447,815",2.67%,0.00%,"R$5,044,312","R$4,927,501",1.00%,2.60%,,,,,,,,,,,,,,,,,,,,,,,,,,,,,,,,,,,,,,
,Feb/2030," £2,795,374 "," £2,000 "," £70,787 "," £72,787 ",2.67%,277.92%,,"R$17,669,380","R$12,000","R$447,458","R$459,458",2.67%,2.67%,"R$5,106,755","R$4,988,776",1.00%,2.60%,,,,,,,,,,,,,,,,,,,,,,,,,,,,,,,,,,,,,,
,Mar/2030," £2,870,054 "," £2,000 "," £72,680 "," £74,680 ",2.67%,288.02%,,"R$18,140,784","R$12,000","R$459,404","R$471,404",2.67%,5.41%,"R$5,169,822","R$5,050,664",1.00%,2.60%,,,,,,,,,,,,,,,,,,,,,,,,,,,,,,,,,,,,,,
,Apr/2030," £2,946,675 "," £2,000 "," £74,621 "," £76,621 ",2.67%,298.37%,,"R$18,624,444","R$12,000","R$471,660","R$483,660",2.67%,8.22%,"R$5,233,521","R$5,113,170",1.00%,2.60%,,,,,,,,,,,,,,,,,,,,,,,,,,,,,,,,,,,,,,
,May/2030," £3,025,289 "," £2,000 "," £76,614 "," £78,614 ",2.67%,309.00%,,"R$19,120,680","R$12,000","R$484,236","R$496,236",2.66%,11.10%,"R$5,297,856","R$5,176,302",1.00%,2.60%,,,,,,,,,,,,,,,,,,,,,,,,,,,,,,,,,,,,,,
,Jun/2030," £3,105,946 "," £2,000 "," £78,658 "," £80,658 ",2.67%,319.91%,,"R$19,629,817","R$12,000","R$497,138","R$509,138",2.66%,14.06%,"R$5,362,834","R$5,240,065",1.00%,2.60%,,,,,,,,,,,,,,,,,,,,,,,,,,,,,,,,,,,,,,
,Jul/2030," £3,188,701 "," £2,000 "," £80,755 "," £82,755 ",2.66%,331.09%,,"R$20,152,193","R$12,000","R$510,375","R$522,375",2.66%,17.10%,"R$5,428,463","R$5,304,466",1.00%,2.60%,,,,,,,,,,,,,,,,,,,,,,,,,,,,,,,,,,,,,,
,Aug/2030," £3,273,607 "," £2,000 "," £82,906 "," £84,906 ",2.66%,342.57%,,"R$20,688,150","R$12,000","R$523,957","R$535,957",2.66%,20.21%,"R$5,494,747","R$5,369,510",1.00%,2.60%,,,,,,,,,,,,,,,,,,,,,,,,,,,,,,,,,,,,,,
,Sep/2030," £3,360,721 "," £2,000 "," £85,114 "," £87,114 ",2.66%,354.35%,,"R$21,238,042","R$12,000","R$537,892","R$549,892",2.66%,23.41%,"R$5,561,695","R$5,435,205",1.00%,2.60%,,,,,,,,,,,,,,,,,,,,,,,,,,,,,,,,,,,,,,
,Oct/2030," £3,450,100 "," £2,000 "," £87,379 "," £89,379 ",2.66%,366.43%,,"R$21,802,231","R$12,000","R$552,189","R$564,189",2.66%,26.68%,"R$5,629,312","R$5,501,557",1.00%,2.60%,,,,,,,,,,,,,,,,,,,,,,,,,,,,,,,,,,,,,,
,Nov/2030," £3,541,802 "," £2,000 "," £89,703 "," £91,703 ",2.66%,378.83%,,"R$22,381,089","R$12,000","R$566,858","R$578,858",2.66%,30.05%,"R$5,697,605","R$5,568,573",1.00%,2.60%,,,,,,,,,,,,,,,,,,,,,,,,,,,,,,,,,,,,,,
,Dec/2030," £3,635,889 "," £2,000 "," £92,087 "," £94,087 ",2.66%,391.55%,,"R$22,974,997","R$12,000","R$581,908","R$593,908",2.65%,33.50%,"R$5,766,581","R$5,636,259",1.00%,2.60%,,,,,,,,,,,,,,,,,,,,,,,,,,,,,,,,,,,,,,
,Jan/2031," £3,732,422 "," £2,000 "," £94,533 "," £96,533 ",2.66%,404.60%,,"R$23,584,347","R$12,000","R$597,350","R$609,350",2.65%,0.00%,"R$5,836,247","R$5,704,621",1.00%,2.60%,,,,,,,,,,,,,,,,,,,,,,,,,,,,,,,,,,,,,,
,Feb/2031," £3,831,465 "," £2,000 "," £97,043 "," £99,043 ",2.65%,417.99%,,"R$24,209,540","R$12,000","R$613,193","R$625,193",2.65%,2.65%,"R$5,906,609","R$5,773,667",1.00%,2.60%,,,,,,,,,,,,,,,,,,,,,,,,,,,,,,,,,,,,,,
,Mar/2031," £3,933,084 "," £2,000 "," £99,618 "," £101,618 ",2.65%,431.73%,,"R$24,850,988","R$12,000","R$629,448","R$641,448",2.65%,5.37%,"R$5,977,675","R$5,843,404",1.00%,2.60%,,,,,,,,,,,,,,,,,,,,,,,,,,,,,,,,,,,,,,
,Apr/2031," £4,037,344 "," £2,000 "," £102,260 "," £104,260 ",2.65%,445.83%,,"R$25,509,114","R$12,000","R$646,126","R$658,126",2.65%,8.16%,"R$6,049,452","R$5,913,838",1.00%,2.60%,,,,,,,,,,,,,,,,,,,,,,,,,,,,,,,,,,,,,,
,May/2031," £4,144,315 "," £2,000 "," £104,971 "," £106,971 ",2.65%,460.29%,,"R$26,184,351","R$12,000","R$663,237","R$675,237",2.65%,11.02%,"R$6,121,947","R$5,984,977",1.00%,2.60%,,,,,,,,,,,,,,,,,,,,,,,,,,,,,,,,,,,,,,
,Jun/2031," £4,254,067 "," £2,000 "," £107,752 "," £109,752 ",2.65%,475.13%,,"R$26,877,144","R$12,000","R$680,793","R$692,793",2.65%,13.96%,"R$6,195,166","R$6,056,826",1.00%,2.60%,,,,,,,,,,,,,,,,,,,,,,,,,,,,,,,,,,,,,,
,Jul/2031," £4,366,673 "," £2,000 "," £110,606 "," £112,606 ",2.65%,490.35%,,"R$27,587,949","R$12,000","R$698,806","R$710,806",2.64%,16.98%,"R$6,269,118","R$6,129,395",1.00%,2.60%,,,,,,,,,,,,,,,,,,,,,,,,,,,,,,,,,,,,,,
,Aug/2031," £4,482,206 "," £2,000 "," £113,533 "," £115,533 ",2.65%,505.97%,,"R$28,317,236","R$12,000","R$717,287","R$729,287",2.64%,20.07%,"R$6,343,809","R$6,202,688",1.00%,2.60%,,,,,,,,,,,,,,,,,,,,,,,,,,,,,,,,,,,,,,
,Sep/2031," £4,600,743 "," £2,000 "," £116,537 "," £118,537 ",2.64%,521.99%,,"R$29,065,484","R$12,000","R$736,248","R$748,248",2.64%,23.24%,"R$6,419,247","R$6,276,715",1.00%,2.60%,,,,,,,,,,,,,,,,,,,,,,,,,,,,,,,,,,,,,,
,Oct/2031," £4,722,363 "," £2,000 "," £119,619 "," £121,619 ",2.64%,538.44%,,"R$29,833,187","R$12,000","R$755,703","R$767,703",2.64%,26.50%,"R$6,495,440","R$6,351,483",1.00%,2.60%,,,,,,,,,,,,,,,,,,,,,,,,,,,,,,,,,,,,,,
,Nov/2031," £4,847,144 "," £2,000 "," £122,781 "," £124,781 ",2.64%,555.31%,,"R$30,620,850","R$12,000","R$775,663","R$787,663",2.64%,29.84%,"R$6,572,394","R$6,426,997",1.00%,2.60%,,,,,,,,,,,,,,,,,,,,,,,,,,,,,,,,,,,,,,
,Dec/2031," £4,975,170 "," £2,000 "," £126,026 "," £128,026 ",2.64%,572.62%,,"R$31,428,992","R$12,000","R$796,142","R$808,142",2.64%,33.26%,"R$6,650,118","R$6,503,267",1.00%,2.60%,,,,,,,,,,,,,,,,,,,,,,,,,,,,,,,,,,,,,,
,,,,,,,,,,,,,,,,,,,,,,,,,,,,,,,,,,,,,,,,,,,,,,,,,,,,,,,,
,,,,,,,,,,,,,,,,,,,,,,,,,,,,,,,,,,,,,,,,,,,,,,,,,,,,,,,,
,,,,,,,,,,,,,,,,,,,,,,,,,,,,,,,,,,,,,,,,,,,,,,,,,,,,,,,,
,,,,,,,,,,,,,,,,,,,,,,,,,,,,,,,,,,,,,,,,,,,,,,,,,,,,,,,,
,,,,,,,,,,,,,,,,,,,,,,,,,,,,,,,,,,,,,,,,,,,,,,,,,,,,,,,,
,,,,,,,,,,,,,,,,,,,,,,,,,,,,,,,,,,,,,,,,,,,,,,,,,,,,,,,,
,,,,,,,,,,,,,,,,,,,,,,,,,,,,,,,,,,,,,,,,,,,,,,,,,,,,,,,,
,,,,,,,,,,,,,,,,,,,,,,,,,,,,,,,,,,,,,,,,,,,,,,,,,,,,,,,,
,,,,,,,,,,,,,,,,,,,,,,,,,,,,,,,,,,,,,,,,,,,,,,,,,,,,,,,,
,,,,,,,,,,,,,,,,,,,,,,,,,,,,,,,,,,,,,,,,,,,,,,,,,,,,,,,,
,,,,,,,,,,,,,,,,,,,,,,,,,,,,,,,,,,,,,,,,,,,,,,,,,,,,,,,,
,,,,,,,,,,,,,,,,,,,,,,,,,,,,,,,,,,,,,,,,,,,,,,,,,,,,,,,,
,,,,,,,,,,,,,,,,,,,,,,,,,,,,,,,,,,,,,,,,,,,,,,,,,,,,,,,,
,,,,,,,,,,,,,,,,,,,,,,,,,,,,,,,,,,,,,,,,,,,,,,,,,,,,,,,,
,,,,,,,,,,,,,,,,,,,,,,,,,,,,,,,,,,,,,,,,,,,,,,,,,,,,,,,,
,,,,,,,,,,,,,,,,,,,,,,,,,,,,,,,,,,,,,,,,,,,,,,,,,,,,,,,,
,,,,,,,,,,,,,,,,,,,,,,,,,,,,,,,,,,,,,,,,,,,,,,,,,,,,,,,,
,,,,,,,,,,,,,,,,,,,,,,,,,,,,,,,,,,,,,,,,,,,,,,,,,,,,,,,,
,,,,,,,,,,,,,,,,,,,,,,,,,,,,,,,,,,,,,,,,,,,,,,,,,,,,,,,,
,,,,,,,,,,,,,,,,,,,,,,,,,,,,,,,,,,,,,,,,,,,,,,,,,,,,,,,,
,,,,,,,,,,,,,,,,,,,,,,,,,,,,,,,,,,,,,,,,,,,,,,,,,,,,,,,,
,,,,,,,,,,,,,,,,,,,,,,,,,,,,,,,,,,,,,,,,,,,,,,,,,,,,,,,,
,,,,,,,,,,,,,,,,,,,,,,,,,,,,,,,,,,,,,,,,,,,,,,,,,,,,,,,,
,,,,,,,,,,,,,,,,,,,,,,,,,,,,,,,,,,,,,,,,,,,,,,,,,,,,,,,,
,,,,,,,,,,,,,,,,,,,,,,,,,,,,,,,,,,,,,,,,,,,,,,,,,,,,,,,,
,,,,,,,,,,,,,,,,,,,,,,,,,,,,,,,,,,,,,,,,,,,,,,,,,,,,,,,,
,,,,,,,,,,,,,,,,,,,,,,,,,,,,,,,,,,,,,,,,,,,,,,,,,,,,,,,,
,,,,,,,,,,,,,,,,,,,,,,,,,,,,,,,,,,,,,,,,,,,,,,,,,,,,,,,,
,,,,,,,,,,,,,,,,,,,,,,,,,,,,,,,,,,,,,,,,,,,,,,,,,,,,,,,,
,,,,,,,,,,,,,,,,,,,,,,,,,,,,,,,,,,,,,,,,,,,,,,,,,,,,,,,,
,,,,,,,,,,,,,,,,,,,,,,,,,,,,,,,,,,,,,,,,,,,,,,,,,,,,,,,,
,,,,,,,,,,,,,,,,,,,,,,,,,,,,,,,,,,,,,,,,,,,,,,,,,,,,,,,,
,,,,,,,,,,,,,,,,,,,,,,,,,,,,,,,,,,,,,,,,,,,,,,,,,,,,,,,,
,,,,,,,,,,,,,,,,,,,,,,,,,,,,,,,,,,,,,,,,,,,,,,,,,,,,,,,,
,,,,,,,,,,,,,,,,,,,,,,,,,,,,,,,,,,,,,,,,,,,,,,,,,,,,,,,,
,,,,,,,,,,,,,,,,,,,,,,,,,,,,,,,,,,,,,,,,,,,,,,,,,,,,,,,,
,,,,,,,,,,,,,,,,,,,,,,,,,,,,,,,,,,,,,,,,,,,,,,,,,,,,,,,,
,,,,,,,,,,,,,,,,,,,,,,,,,,,,,,,,,,,,,,,,,,,,,,,,,,,,,,,,
,,,,,,,,,,,,,,,,,,,,,,,,,,,,,,,,,,,,,,,,,,,,,,,,,,,,,,,,
,,,,,,,,,,,,,,,,,,,,,,,,,,,,,,,,,,,,,,,,,,,,,,,,,,,,,,,,
,,,,,,,,,,,,,,,,,,,,,,,,,,,,,,,,,,,,,,,,,,,,,,,,,,,,,,,,
,,,,,,,,,,,,,,,,,,,,,,,,,,,,,,,,,,,,,,,,,,,,,,,,,,,,,,,,
,,,,,,,,,,,,,,,,,,,,,,,,,,,,,,,,,,,,,,,,,,,,,,,,,,,,,,,,
,,,,,,,,,,,,,,,,,,,,,,,,,,,,,,,,,,,,,,,,,,,,,,,,,,,,,,,,
,,,,,,,,,,,,,,,,,,,,,,,,,,,,,,,,,,,,,,,,,,,,,,,,,,,,,,,,
,,,,,,,,,,,,,,,,,,,,,,,,,,,,,,,,,,,,,,,,,,,,,,,,,,,,,,,,
,,,,,,,,,,,,,,,,,,,,,,,,,,,,,,,,,,,,,,,,,,,,,,,,,,,,,,,,
,,,,,,,,,,,,,,,,,,,,,,,,,,,,,,,,,,,,,,,,,,,,,,,,,,,,,,,,
,,,,,,,,,,,,,,,,,,,,,,,,,,,,,,,,,,,,,,,,,,,,,,,,,,,,,,,,
,,,,,,,,,,,,,,,,,,,,,,,,,,,,,,,,,,,,,,,,,,,,,,,,,,,,,,,,
,,,,,,,,,,,,,,,,,,,,,,,,,,,,,,,,,,,,,,,,,,,,,,,,,,,,,,,,
,,,,,,,,,,,,,,,,,,,,,,,,,,,,,,,,,,,,,,,,,,,,,,,,,,,,,,,,
,,,,,,,,,,,,,,,,,,,,,,,,,,,,,,,,,,,,,,,,,,,,,,,,,,,,,,,,
,,,,,,,,,,,,,,,,,,,,,,,,,,,,,,,,,,,,,,,,,,,,,,,,,,,,,,,,
,,,,,,,,,,,,,,,,,,,,,,,,,,,,,,,,,,,,,,,,,,,,,,,,,,,,,,,,
,,,,,,,,,,,,,,,,,,,,,,,,,,,,,,,,,,,,,,,,,,,,,,,,,,,,,,,,
,,,,,,,,,,,,,,,,,,,,,,,,,,,,,,,,,,,,,,,,,,,,,,,,,,,,,,,,
,,,,,,,,,,,,,,,,,,,,,,,,,,,,,,,,,,,,,,,,,,,,,,,,,,,,,,,,
,,,,,,,,,,,,,,,,,,,,,,,,,,,,,,,,,,,,,,,,,,,,,,,,,,,,,,,,
,,,,,,,,,,,,,,,,,,,,,,,,,,,,,,,,,,,,,,,,,,,,,,,,,,,,,,,,
,,,,,,,,,,,,,,,,,,,,,,,,,,,,,,,,,,,,,,,,,,,,,,,,,,,,,,,,
,,,,,,,,,,,,,,,,,,,,,,,,,,,,,,,,,,,,,,,,,,,,,,,,,,,,,,,,
,,,,,,,,,,,,,,,,,,,,,,,,,,,,,,,,,,,,,,,,,,,,,,,,,,,,,,,,
,,,,,,,,,,,,,,,,,,,,,,,,,,,,,,,,,,,,,,,,,,,,,,,,,,,,,,,,
,,,,,,,,,,,,,,,,,,,,,,,,,,,,,,,,,,,,,,,,,,,,,,,,,,,,,,,,
,,,,,,,,,,,,,,,,,,,,,,,,,,,,,,,,,,,,,,,,,,,,,,,,,,,,,,,,
,,,,,,,,,,,,,,,,,,,,,,,,,,,,,,,,,,,,,,,,,,,,,,,,,,,,,,,,
,,,,,,,,,,,,,,,,,,,,,,,,,,,,,,,,,,,,,,,,,,,,,,,,,,,,,,,,
,,,,,,,,,,,,,,,,,,,,,,,,,,,,,,,,,,,,,,,,,,,,,,,,,,,,,,,,
,,,,,,,,,,,,,,,,,,,,,,,,,,,,,,,,,,,,,,,,,,,,,,,,,,,,,,,,
,,,,,,,,,,,,,,,,,,,,,,,,,,,,,,,,,,,,,,,,,,,,,,,,,,,,,,,,
,,,,,,,,,,,,,,,,,,,,,,,,,,,,,,,,,,,,,,,,,,,,,,,,,,,,,,,,
,,,,,,,,,,,,,,,,,,,,,,,,,,,,,,,,,,,,,,,,,,,,,,,,,,,,,,,,
,,,,,,,,,,,,,,,,,,,,,,,,,,,,,,,,,,,,,,,,,,,,,,,,,,,,,,,,
,,,,,,,,,,,,,,,,,,,,,,,,,,,,,,,,,,,,,,,,,,,,,,,,,,,,,,,,
,,,,,,,,,,,,,,,,,,,,,,,,,,,,,,,,,,,,,,,,,,,,,,,,,,,,,,,,
,,,,,,,,,,,,,,,,,,,,,,,,,,,,,,,,,,,,,,,,,,,,,,,,,,,,,,,,
,,,,,,,,,,,,,,,,,,,,,,,,,,,,,,,,,,,,,,,,,,,,,,,,,,,,,,,,
,,,,,,,,,,,,,,,,,,,,,,,,,,,,,,,,,,,,,,,,,,,,,,,,,,,,,,,,
,,,,,,,,,,,,,,,,,,,,,,,,,,,,,,,,,,,,,,,,,,,,,,,,,,,,,,,,
,,,,,,,,,,,,,,,,,,,,,,,,,,,,,,,,,,,,,,,,,,,,,,,,,,,,,,,,
,,,,,,,,,,,,,,,,,,,,,,,,,,,,,,,,,,,,,,,,,,,,,,,,,,,,,,,,
,,,,,,,,,,,,,,,,,,,,,,,,,,,,,,,,,,,,,,,,,,,,,,,,,,,,,,,,
,,,,,,,,,,,,,,,,,,,,,,,,,,,,,,,,,,,,,,,,,,,,,,,,,,,,,,,,
,,,,,,,,,,,,,,,,,,,,,,,,,,,,,,,,,,,,,,,,,,,,,,,,,,,,,,,,
,,,,,,,,,,,,,,,,,,,,,,,,,,,,,,,,,,,,,,,,,,,,,,,,,,,,,,,,
,,,,,,,,,,,,,,,,,,,,,,,,,,,,,,,,,,,,,,,,,,,,,,,,,,,,,,,,
,,,,,,,,,,,,,,,,,,,,,,,,,,,,,,,,,,,,,,,,,,,,,,,,,,,,,,,,
,,,,,,,,,,,,,,,,,,,,,,,,,,,,,,,,,,,,,,,,,,,,,,,,,,,,,,,,
,,,,,,,,,,,,,,,,,,,,,,,,,,,,,,,,,,,,,,,,,,,,,,,,,,,,,,,,
,,,,,,,,,,,,,,,,,,,,,,,,,,,,,,,,,,,,,,,,,,,,,,,,,,,,,,,,
,,,,,,,,,,,,,,,,,,,,,,,,,,,,,,,,,,,,,,,,,,,,,,,,,,,,,,,,
,,,,,,,,,,,,,,,,,,,,,,,,,,,,,,,,,,,,,,,,,,,,,,,,,,,,,,,,
,,,,,,,,,,,,,,,,,,,,,,,,,,,,,,,,,,,,,,,,,,,,,,,,,,,,,,,,
,,,,,,,,,,,,,,,,,,,,,,,,,,,,,,,,,,,,,,,,,,,,,,,,,,,,,,,,
,,,,,,,,,,,,,,,,,,,,,,,,,,,,,,,,,,,,,,,,,,,,,,,,,,,,,,,,
,,,,,,,,,,,,,,,,,,,,,,,,,,,,,,,,,,,,,,,,,,,,,,,,,,,,,,,,
,,,,,,,,,,,,,,,,,,,,,,,,,,,,,,,,,,,,,,,,,,,,,,,,,,,,,,,,
,,,,,,,,,,,,,,,,,,,,,,,,,,,,,,,,,,,,,,,,,,,,,,,,,,,,,,,,
,,,,,,,,,,,,,,,,,,,,,,,,,,,,,,,,,,,,,,,,,,,,,,,,,,,,,,,,
,,,,,,,,,,,,,,,,,,,,,,,,,,,,,,,,,,,,,,,,,,,,,,,,,,,,,,,,
,,,,,,,,,,,,,,,,,,,,,,,,,,,,,,,,,,,,,,,,,,,,,,,,,,,,,,,,
,,,,,,,,,,,,,,,,,,,,,,,,,,,,,,,,,,,,,,,,,,,,,,,,,,,,,,,,
,,,,,,,,,,,,,,,,,,,,,,,,,,,,,,,,,,,,,,,,,,,,,,,,,,,,,,,,
,,,,,,,,,,,,,,,,,,,,,,,,,,,,,,,,,,,,,,,,,,,,,,,,,,,,,,,,
,,,,,,,,,,,,,,,,,,,,,,,,,,,,,,,,,,,,,,,,,,,,,,,,,,,,,,,,
,,,,,,,,,,,,,,,,,,,,,,,,,,,,,,,,,,,,,,,,,,,,,,,,,,,,,,,,
,,,,,,,,,,,,,,,,,,,,,,,,,,,,,,,,,,,,,,,,,,,,,,,,,,,,,,,,
,,,,,,,,,,,,,,,,,,,,,,,,,,,,,,,,,,,,,,,,,,,,,,,,,,,,,,,,
,,,,,,,,,,,,,,,,,,,,,,,,,,,,,,,,,,,,,,,,,,,,,,,,,,,,,,,,
,,,,,,,,,,,,,,,,,,,,,,,,,,,,,,,,,,,,,,,,,,,,,,,,,,,,,,,,
,,,,,,,,,,,,,,,,,,,,,,,,,,,,,,,,,,,,,,,,,,,,,,,,,,,,,,,,
,,,,,,,,,,,,,,,,,,,,,,,,,,,,,,,,,,,,,,,,,,,,,,,,,,,,,,,,
,,,,,,,,,,,,,,,,,,,,,,,,,,,,,,,,,,,,,,,,,,,,,,,,,,,,,,,,
,,,,,,,,,,,,,,,,,,,,,,,,,,,,,,,,,,,,,,,,,,,,,,,,,,,,,,,,
,,,,,,,,,,,,,,,,,,,,,,,,,,,,,,,,,,,,,,,,,,,,,,,,,,,,,,,,
,,,,,,,,,,,,,,,,,,,,,,,,,,,,,,,,,,,,,,,,,,,,,,,,,,,,,,,,
,,,,,,,,,,,,,,,,,,,,,,,,,,,,,,,,,,,,,,,,,,,,,,,,,,,,,,,,
,,,,,,,,,,,,,,,,,,,,,,,,,,,,,,,,,,,,,,,,,,,,,,,,,,,,,,,,
,,,,,,,,,,,,,,,,,,,,,,,,,,,,,,,,,,,,,,,,,,,,,,,,,,,,,,,,
,,,,,,,,,,,,,,,,,,,,,,,,,,,,,,,,,,,,,,,,,,,,,,,,,,,,,,,,
,,,,,,,,,,,,,,,,,,,,,,,,,,,,,,,,,,,,,,,,,,,,,,,,,,,,,,,,
,,,,,,,,,,,,,,,,,,,,,,,,,,,,,,,,,,,,,,,,,,,,,,,,,,,,,,,,
,,,,,,,,,,,,,,,,,,,,,,,,,,,,,,,,,,,,,,,,,,,,,,,,,,,,,,,,
,,,,,,,,,,,,,,,,,,,,,,,,,,,,,,,,,,,,,,,,,,,,,,,,,,,,,,,,
,,,,,,,,,,,,,,,,,,,,,,,,,,,,,,,,,,,,,,,,,,,,,,,,,,,,,,,,
,,,,,,,,,,,,,,,,,,,,,,,,,,,,,,,,,,,,,,,,,,,,,,,,,,,,,,,,
,,,,,,,,,,,,,,,,,,,,,,,,,,,,,,,,,,,,,,,,,,,,,,,,,,,,,,,,
,,,,,,,,,,,,,,,,,,,,,,,,,,,,,,,,,,,,,,,,,,,,,,,,,,,,,,,,
,,,,,,,,,,,,,,,,,,,,,,,,,,,,,,,,,,,,,,,,,,,,,,,,,,,,,,,,
,,,,,,,,,,,,,,,,,,,,,,,,,,,,,,,,,,,,,,,,,,,,,,,,,,,,,,,,
,,,,,,,,,,,,,,,,,,,,,,,,,,,,,,,,,,,,,,,,,,,,,,,,,,,,,,,,
,,,,,,,,,,,,,,,,,,,,,,,,,,,,,,,,,,,,,,,,,,,,,,,,,,,,,,,,
,,,,,,,,,,,,,,,,,,,,,,,,,,,,,,,,,,,,,,,,,,,,,,,,,,,,,,,,
,,,,,,,,,,,,,,,,,,,,,,,,,,,,,,,,,,,,,,,,,,,,,,,,,,,,,,,,
,,,,,,,,,,,,,,,,,,,,,,,,,,,,,,,,,,,,,,,,,,,,,,,,,,,,,,,,
,,,,,,,,,,,,,,,,,,,,,,,,,,,,,,,,,,,,,,,,,,,,,,,,,,,,,,,,
,,,,,,,,,,,,,,,,,,,,,,,,,,,,,,,,,,,,,,,,,,,,,,,,,,,,,,,,
,,,,,,,,,,,,,,,,,,,,,,,,,,,,,,,,,,,,,,,,,,,,,,,,,,,,,,,,
,,,,,,,,,,,,,,,,,,,,,,,,,,,,,,,,,,,,,,,,,,,,,,,,,,,,,,,,
,,,,,,,,,,,,,,,,,,,,,,,,,,,,,,,,,,,,,,,,,,,,,,,,,,,,,,,,
,,,,,,,,,,,,,,,,,,,,,,,,,,,,,,,,,,,,,,,,,,,,,,,,,,,,,,,,
,,,,,,,,,,,,,,,,,,,,,,,,,,,,,,,,,,,,,,,,,,,,,,,,,,,,,,,,
,,,,,,,,,,,,,,,,,,,,,,,,,,,,,,,,,,,,,,,,,,,,,,,,,,,,,,,,
,,,,,,,,,,,,,,,,,,,,,,,,,,,,,,,,,,,,,,,,,,,,,,,,,,,,,,,,
,,,,,,,,,,,,,,,,,,,,,,,,,,,,,,,,,,,,,,,,,,,,,,,,,,,,,,,,
,,,,,,,,,,,,,,,,,,,,,,,,,,,,,,,,,,,,,,,,,,,,,,,,,,,,,,,,
,,,,,,,,,,,,,,,,,,,,,,,,,,,,,,,,,,,,,,,,,,,,,,,,,,,,,,,,
,,,,,,,,,,,,,,,,,,,,,,,,,,,,,,,,,,,,,,,,,,,,,,,,,,,,,,,,
,,,,,,,,,,,,,,,,,,,,,,,,,,,,,,,,,,,,,,,,,,,,,,,,,,,,,,,,
,,,,,,,,,,,,,,,,,,,,,,,,,,,,,,,,,,,,,,,,,,,,,,,,,,,,,,,,
,,,,,,,,,,,,,,,,,,,,,,,,,,,,,,,,,,,,,,,,,,,,,,,,,,,,,,,,
,,,,,,,,,,,,,,,,,,,,,,,,,,,,,,,,,,,,,,,,,,,,,,,,,,,,,,,,
,,,,,,,,,,,,,,,,,,,,,,,,,,,,,,,,,,,,,,,,,,,,,,,,,,,,,,,,
,,,,,,,,,,,,,,,,,,,,,,,,,,,,,,,,,,,,,,,,,,,,,,,,,,,,,,,,
,,,,,,,,,,,,,,,,,,,,,,,,,,,,,,,,,,,,,,,,,,,,,,,,,,,,,,,,
,,,,,,,,,,,,,,,,,,,,,,,,,,,,,,,,,,,,,,,,,,,,,,,,,,,,,,,,
,,,,,,,,,,,,,,,,,,,,,,,,,,,,,,,,,,,,,,,,,,,,,,,,,,,,,,,,
,,,,,,,,,,,,,,,,,,,,,,,,,,,,,,,,,,,,,,,,,,,,,,,,,,,,,,,,
,,,,,,,,,,,,,,,,,,,,,,,,,,,,,,,,,,,,,,,,,,,,,,,,,,,,,,,,
,,,,,,,,,,,,,,,,,,,,,,,,,,,,,,,,,,,,,,,,,,,,,,,,,,,,,,,,
,,,,,,,,,,,,,,,,,,,,,,,,,,,,,,,,,,,,,,,,,,,,,,,,,,,,,,,,
,,,,,,,,,,,,,,,,,,,,,,,,,,,,,,,,,,,,,,,,,,,,,,,,,,,,,,,,
,,,,,,,,,,,,,,,,,,,,,,,,,,,,,,,,,,,,,,,,,,,,,,,,,,,,,,,,
,,,,,,,,,,,,,,,,,,,,,,,,,,,,,,,,,,,,,,,,,,,,,,,,,,,,,,,,
,,,,,,,,,,,,,,,,,,,,,,,,,,,,,,,,,,,,,,,,,,,,,,,,,,,,,,,,
,,,,,,,,,,,,,,,,,,,,,,,,,,,,,,,,,,,,,,,,,,,,,,,,,,,,,,,,
,,,,,,,,,,,,,,,,,,,,,,,,,,,,,,,,,,,,,,,,,,,,,,,,,,,,,,,,
,,,,,,,,,,,,,,,,,,,,,,,,,,,,,,,,,,,,,,,,,,,,,,,,,,,,,,,,
,,,,,,,,,,,,,,,,,,,,,,,,,,,,,,,,,,,,,,,,,,,,,,,,,,,,,,,,
,,,,,,,,,,,,,,,,,,,,,,,,,,,,,,,,,,,,,,,,,,,,,,,,,,,,,,,,
,,,,,,,,,,,,,,,,,,,,,,,,,,,,,,,,,,,,,,,,,,,,,,,,,,,,,,,,
,,,,,,,,,,,,,,,,,,,,,,,,,,,,,,,,,,,,,,,,,,,,,,,,,,,,,,,,
,,,,,,,,,,,,,,,,,,,,,,,,,,,,,,,,,,,,,,,,,,,,,,,,,,,,,,,,
,,,,,,,,,,,,,,,,,,,,,,,,,,,,,,,,,,,,,,,,,,,,,,,,,,,,,,,,
,,,,,,,,,,,,,,,,,,,,,,,,,,,,,,,,,,,,,,,,,,,,,,,,,,,,,,,,
,,,,,,,,,,,,,,,,,,,,,,,,,,,,,,,,,,,,,,,,,,,,,,,,,,,,,,,,
,,,,,,,,,,,,,,,,,,,,,,,,,,,,,,,,,,,,,,,,,,,,,,,,,,,,,,,,
,,,,,,,,,,,,,,,,,,,,,,,,,,,,,,,,,,,,,,,,,,,,,,,,,,,,,,,,
,,,,,,,,,,,,,,,,,,,,,,,,,,,,,,,,,,,,,,,,,,,,,,,,,,,,,,,,
,,,,,,,,,,,,,,,,,,,,,,,,,,,,,,,,,,,,,,,,,,,,,,,,,,,,,,,,
,,,,,,,,,,,,,,,,,,,,,,,,,,,,,,,,,,,,,,,,,,,,,,,,,,,,,,,,
,,,,,,,,,,,,,,,,,,,,,,,,,,,,,,,,,,,,,,,,,,,,,,,,,,,,,,,,
,,,,,,,,,,,,,,,,,,,,,,,,,,,,,,,,,,,,,,,,,,,,,,,,,,,,,,,,
,,,,,,,,,,,,,,,,,,,,,,,,,,,,,,,,,,,,,,,,,,,,,,,,,,,,,,,,
,,,,,,,,,,,,,,,,,,,,,,,,,,,,,,,,,,,,,,,,,,,,,,,,,,,,,,,,
,,,,,,,,,,,,,,,,,,,,,,,,,,,,,,,,,,,,,,,,,,,,,,,,,,,,,,,,
,,,,,,,,,,,,,,,,,,,,,,,,,,,,,,,,,,,,,,,,,,,,,,,,,,,,,,,,
,,,,,,,,,,,,,,,,,,,,,,,,,,,,,,,,,,,,,,,,,,,,,,,,,,,,,,,,
,,,,,,,,,,,,,,,,,,,,,,,,,,,,,,,,,,,,,,,,,,,,,,,,,,,,,,,,
,,,,,,,,,,,,,,,,,,,,,,,,,,,,,,,,,,,,,,,,,,,,,,,,,,,,,,,,
,,,,,,,,,,,,,,,,,,,,,,,,,,,,,,,,,,,,,,,,,,,,,,,,,,,,,,,,
,,,,,,,,,,,,,,,,,,,,,,,,,,,,,,,,,,,,,,,,,,,,,,,,,,,,,,,,
,,,,,,,,,,,,,,,,,,,,,,,,,,,,,,,,,,,,,,,,,,,,,,,,,,,,,,,,
,,,,,,,,,,,,,,,,,,,,,,,,,,,,,,,,,,,,,,,,,,,,,,,,,,,,,,,,
,,,,,,,,,,,,,,,,,,,,,,,,,,,,,,,,,,,,,,,,,,,,,,,,,,,,,,,,
,,,,,,,,,,,,,,,,,,,,,,,,,,,,,,,,,,,,,,,,,,,,,,,,,,,,,,,,
,,,,,,,,,,,,,,,,,,,,,,,,,,,,,,,,,,,,,,,,,,,,,,,,,,,,,,,,
,,,,,,,,,,,,,,,,,,,,,,,,,,,,,,,,,,,,,,,,,,,,,,,,,,,,,,,,
,,,,,,,,,,,,,,,,,,,,,,,,,,,,,,,,,,,,,,,,,,,,,,,,,,,,,,,,
,,,,,,,,,,,,,,,,,,,,,,,,,,,,,,,,,,,,,,,,,,,,,,,,,,,,,,,,
,,,,,,,,,,,,,,,,,,,,,,,,,,,,,,,,,,,,,,,,,,,,,,,,,,,,,,,,
,,,,,,,,,,,,,,,,,,,,,,,,,,,,,,,,,,,,,,,,,,,,,,,,,,,,,,,,
,,,,,,,,,,,,,,,,,,,,,,,,,,,,,,,,,,,,,,,,,,,,,,,,,,,,,,,,
,,,,,,,,,,,,,,,,,,,,,,,,,,,,,,,,,,,,,,,,,,,,,,,,,,,,,,,,
,,,,,,,,,,,,,,,,,,,,,,,,,,,,,,,,,,,,,,,,,,,,,,,,,,,,,,,,
,,,,,,,,,,,,,,,,,,,,,,,,,,,,,,,,,,,,,,,,,,,,,,,,,,,,,,,,
,,,,,,,,,,,,,,,,,,,,,,,,,,,,,,,,,,,,,,,,,,,,,,,,,,,,,,,,
,,,,,,,,,,,,,,,,,,,,,,,,,,,,,,,,,,,,,,,,,,,,,,,,,,,,,,,,
,,,,,,,,,,,,,,,,,,,,,,,,,,,,,,,,,,,,,,,,,,,,,,,,,,,,,,,,
,,,,,,,,,,,,,,,,,,,,,,,,,,,,,,,,,,,,,,,,,,,,,,,,,,,,,,,,
,,,,,,,,,,,,,,,,,,,,,,,,,,,,,,,,,,,,,,,,,,,,,,,,,,,,,,,,
,,,,,,,,,,,,,,,,,,,,,,,,,,,,,,,,,,,,,,,,,,,,,,,,,,,,,,,,
,,,,,,,,,,,,,,,,,,,,,,,,,,,,,,,,,,,,,,,,,,,,,,,,,,,,,,,,
,,,,,,,,,,,,,,,,,,,,,,,,,,,,,,,,,,,,,,,,,,,,,,,,,,,,,,,,
,,,,,,,,,,,,,,,,,,,,,,,,,,,,,,,,,,,,,,,,,,,,,,,,,,,,,,,,
,,,,,,,,,,,,,,,,,,,,,,,,,,,,,,,,,,,,,,,,,,,,,,,,,,,,,,,,
,,,,,,,,,,,,,,,,,,,,,,,,,,,,,,,,,,,,,,,,,,,,,,,,,,,,,,,,
,,,,,,,,,,,,,,,,,,,,,,,,,,,,,,,,,,,,,,,,,,,,,,,,,,,,,,,,
,,,,,,,,,,,,,,,,,,,,,,,,,,,,,,,,,,,,,,,,,,,,,,,,,,,,,,,,
,,,,,,,,,,,,,,,,,,,,,,,,,,,,,,,,,,,,,,,,,,,,,,,,,,,,,,,,
,,,,,,,,,,,,,,,,,,,,,,,,,,,,,,,,,,,,,,,,,,,,,,,,,,,,,,,,
,,,,,,,,,,,,,,,,,,,,,,,,,,,,,,,,,,,,,,,,,,,,,,,,,,,,,,,,
,,,,,,,,,,,,,,,,,,,,,,,,,,,,,,,,,,,,,,,,,,,,,,,,,,,,,,,,
,,,,,,,,,,,,,,,,,,,,,,,,,,,,,,,,,,,,,,,,,,,,,,,,,,,,,,,,
,,,,,,,,,,,,,,,,,,,,,,,,,,,,,,,,,,,,,,,,,,,,,,,,,,,,,,,,
,,,,,,,,,,,,,,,,,,,,,,,,,,,,,,,,,,,,,,,,,,,,,,,,,,,,,,,,
,,,,,,,,,,,,,,,,,,,,,,,,,,,,,,,,,,,,,,,,,,,,,,,,,,,,,,,,
,,,,,,,,,,,,,,,,,,,,,,,,,,,,,,,,,,,,,,,,,,,,,,,,,,,,,,,,
,,,,,,,,,,,,,,,,,,,,,,,,,,,,,,,,,,,,,,,,,,,,,,,,,,,,,,,,
,,,,,,,,,,,,,,,,,,,,,,,,,,,,,,,,,,,,,,,,,,,,,,,,,,,,,,,,
,,,,,,,,,,,,,,,,,,,,,,,,,,,,,,,,,,,,,,,,,,,,,,,,,,,,,,,,
,,,,,,,,,,,,,,,,,,,,,,,,,,,,,,,,,,,,,,,,,,,,,,,,,,,,,,,,
,,,,,,,,,,,,,,,,,,,,,,,,,,,,,,,,,,,,,,,,,,,,,,,,,,,,,,,,
,,,,,,,,,,,,,,,,,,,,,,,,,,,,,,,,,,,,,,,,,,,,,,,,,,,,,,,,
,,,,,,,,,,,,,,,,,,,,,,,,,,,,,,,,,,,,,,,,,,,,,,,,,,,,,,,,
,,,,,,,,,,,,,,,,,,,,,,,,,,,,,,,,,,,,,,,,,,,,,,,,,,,,,,,,
,,,,,,,,,,,,,,,,,,,,,,,,,,,,,,,,,,,,,,,,,,,,,,,,,,,,,,,,
,,,,,,,,,,,,,,,,,,,,,,,,,,,,,,,,,,,,,,,,,,,,,,,,,,,,,,,,
,,,,,,,,,,,,,,,,,,,,,,,,,,,,,,,,,,,,,,,,,,,,,,,,,,,,,,,,
,,,,,,,,,,,,,,,,,,,,,,,,,,,,,,,,,,,,,,,,,,,,,,,,,,,,,,,,
,,,,,,,,,,,,,,,,,,,,,,,,,,,,,,,,,,,,,,,,,,,,,,,,,,,,,,,,
,,,,,,,,,,,,,,,,,,,,,,,,,,,,,,,,,,,,,,,,,,,,,,,,,,,,,,,,
,,,,,,,,,,,,,,,,,,,,,,,,,,,,,,,,,,,,,,,,,,,,,,,,,,,,,,,,
,,,,,,,,,,,,,,,,,,,,,,,,,,,,,,,,,,,,,,,,,,,,,,,,,,,,,,,,
,,,,,,,,,,,,,,,,,,,,,,,,,,,,,,,,,,,,,,,,,,,,,,,,,,,,,,,,
,,,,,,,,,,,,,,,,,,,,,,,,,,,,,,,,,,,,,,,,,,,,,,,,,,,,,,,,
,,,,,,,,,,,,,,,,,,,,,,,,,,,,,,,,,,,,,,,,,,,,,,,,,,,,,,,,
,,,,,,,,,,,,,,,,,,,,,,,,,,,,,,,,,,,,,,,,,,,,,,,,,,,,,,,,
,,,,,,,,,,,,,,,,,,,,,,,,,,,,,,,,,,,,,,,,,,,,,,,,,,,,,,,,
,,,,,,,,,,,,,,,,,,,,,,,,,,,,,,,,,,,,,,,,,,,,,,,,,,,,,,,,
,,,,,,,,,,,,,,,,,,,,,,,,,,,,,,,,,,,,,,,,,,,,,,,,,,,,,,,,
,,,,,,,,,,,,,,,,,,,,,,,,,,,,,,,,,,,,,,,,,,,,,,,,,,,,,,,,
,,,,,,,,,,,,,,,,,,,,,,,,,,,,,,,,,,,,,,,,,,,,,,,,,,,,,,,,
,,,,,,,,,,,,,,,,,,,,,,,,,,,,,,,,,,,,,,,,,,,,,,,,,,,,,,,,
,,,,,,,,,,,,,,,,,,,,,,,,,,,,,,,,,,,,,,,,,,,,,,,,,,,,,,,,
,,,,,,,,,,,,,,,,,,,,,,,,,,,,,,,,,,,,,,,,,,,,,,,,,,,,,,,,
,,,,,,,,,,,,,,,,,,,,,,,,,,,,,,,,,,,,,,,,,,,,,,,,,,,,,,,,
,,,,,,,,,,,,,,,,,,,,,,,,,,,,,,,,,,,,,,,,,,,,,,,,,,,,,,,,
,,,,,,,,,,,,,,,,,,,,,,,,,,,,,,,,,,,,,,,,,,,,,,,,,,,,,,,,
,,,,,,,,,,,,,,,,,,,,,,,,,,,,,,,,,,,,,,,,,,,,,,,,,,,,,,,,
,,,,,,,,,,,,,,,,,,,,,,,,,,,,,,,,,,,,,,,,,,,,,,,,,,,,,,,,
,,,,,,,,,,,,,,,,,,,,,,,,,,,,,,,,,,,,,,,,,,,,,,,,,,,,,,,,
,,,,,,,,,,,,,,,,,,,,,,,,,,,,,,,,,,,,,,,,,,,,,,,,,,,,,,,,
,,,,,,,,,,,,,,,,,,,,,,,,,,,,,,,,,,,,,,,,,,,,,,,,,,,,,,,,
,,,,,,,,,,,,,,,,,,,,,,,,,,,,,,,,,,,,,,,,,,,,,,,,,,,,,,,,
,,,,,,,,,,,,,,,,,,,,,,,,,,,,,,,,,,,,,,,,,,,,,,,,,,,,,,,,
,,,,,,,,,,,,,,,,,,,,,,,,,,,,,,,,,,,,,,,,,,,,,,,,,,,,,,,,
,,,,,,,,,,,,,,,,,,,,,,,,,,,,,,,,,,,,,,,,,,,,,,,,,,,,,,,,
,,,,,,,,,,,,,,,,,,,,,,,,,,,,,,,,,,,,,,,,,,,,,,,,,,,,,,,,
,,,,,,,,,,,,,,,,,,,,,,,,,,,,,,,,,,,,,,,,,,,,,,,,,,,,,,,,
,,,,,,,,,,,,,,,,,,,,,,,,,,,,,,,,,,,,,,,,,,,,,,,,,,,,,,,,
,,,,,,,,,,,,,,,,,,,,,,,,,,,,,,,,,,,,,,,,,,,,,,,,,,,,,,,,
,,,,,,,,,,,,,,,,,,,,,,,,,,,,,,,,,,,,,,,,,,,,,,,,,,,,,,,,
,,,,,,,,,,,,,,,,,,,,,,,,,,,,,,,,,,,,,,,,,,,,,,,,,,,,,,,,
,,,,,,,,,,,,,,,,,,,,,,,,,,,,,,,,,,,,,,,,,,,,,,,,,,,,,,,,
,,,,,,,,,,,,,,,,,,,,,,,,,,,,,,,,,,,,,,,,,,,,,,,,,,,,,,,,
,,,,,,,,,,,,,,,,,,,,,,,,,,,,,,,,,,,,,,,,,,,,,,,,,,,,,,,,
,,,,,,,,,,,,,,,,,,,,,,,,,,,,,,,,,,,,,,,,,,,,,,,,,,,,,,,,
,,,,,,,,,,,,,,,,,,,,,,,,,,,,,,,,,,,,,,,,,,,,,,,,,,,,,,,,
,,,,,,,,,,,,,,,,,,,,,,,,,,,,,,,,,,,,,,,,,,,,,,,,,,,,,,,,
,,,,,,,,,,,,,,,,,,,,,,,,,,,,,,,,,,,,,,,,,,,,,,,,,,,,,,,,
,,,,,,,,,,,,,,,,,,,,,,,,,,,,,,,,,,,,,,,,,,,,,,,,,,,,,,,,
,,,,,,,,,,,,,,,,,,,,,,,,,,,,,,,,,,,,,,,,,,,,,,,,,,,,,,,,
,,,,,,,,,,,,,,,,,,,,,,,,,,,,,,,,,,,,,,,,,,,,,,,,,,,,,,,,
,,,,,,,,,,,,,,,,,,,,,,,,,,,,,,,,,,,,,,,,,,,,,,,,,,,,,,,,
,,,,,,,,,,,,,,,,,,,,,,,,,,,,,,,,,,,,,,,,,,,,,,,,,,,,,,,,
,,,,,,,,,,,,,,,,,,,,,,,,,,,,,,,,,,,,,,,,,,,,,,,,,,,,,,,,
,,,,,,,,,,,,,,,,,,,,,,,,,,,,,,,,,,,,,,,,,,,,,,,,,,,,,,,,
,,,,,,,,,,,,,,,,,,,,,,,,,,,,,,,,,,,,,,,,,,,,,,,,,,,,,,,,
,,,,,,,,,,,,,,,,,,,,,,,,,,,,,,,,,,,,,,,,,,,,,,,,,,,,,,,,
,,,,,,,,,,,,,,,,,,,,,,,,,,,,,,,,,,,,,,,,,,,,,,,,,,,,,,,,
,,,,,,,,,,,,,,,,,,,,,,,,,,,,,,,,,,,,,,,,,,,,,,,,,,,,,,,,
,,,,,,,,,,,,,,,,,,,,,,,,,,,,,,,,,,,,,,,,,,,,,,,,,,,,,,,,
,,,,,,,,,,,,,,,,,,,,,,,,,,,,,,,,,,,,,,,,,,,,,,,,,,,,,,,,
,,,,,,,,,,,,,,,,,,,,,,,,,,,,,,,,,,,,,,,,,,,,,,,,,,,,,,,,
,,,,,,,,,,,,,,,,,,,,,,,,,,,,,,,,,,,,,,,,,,,,,,,,,,,,,,,,
,,,,,,,,,,,,,,,,,,,,,,,,,,,,,,,,,,,,,,,,,,,,,,,,,,,,,,,,
,,,,,,,,,,,,,,,,,,,,,,,,,,,,,,,,,,,,,,,,,,,,,,,,,,,,,,,,
,,,,,,,,,,,,,,,,,,,,,,,,,,,,,,,,,,,,,,,,,,,,,,,,,,,,,,,,
,,,,,,,,,,,,,,,,,,,,,,,,,,,,,,,,,,,,,,,,,,,,,,,,,,,,,,,,
,,,,,,,,,,,,,,,,,,,,,,,,,,,,,,,,,,,,,,,,,,,,,,,,,,,,,,,,
,,,,,,,,,,,,,,,,,,,,,,,,,,,,,,,,,,,,,,,,,,,,,,,,,,,,,,,,
,,,,,,,,,,,,,,,,,,,,,,,,,,,,,,,,,,,,,,,,,,,,,,,,,,,,,,,,
,,,,,,,,,,,,,,,,,,,,,,,,,,,,,,,,,,,,,,,,,,,,,,,,,,,,,,,,
,,,,,,,,,,,,,,,,,,,,,,,,,,,,,,,,,,,,,,,,,,,,,,,,,,,,,,,,
,,,,,,,,,,,,,,,,,,,,,,,,,,,,,,,,,,,,,,,,,,,,,,,,,,,,,,,,
,,,,,,,,,,,,,,,,,,,,,,,,,,,,,,,,,,,,,,,,,,,,,,,,,,,,,,,,
,,,,,,,,,,,,,,,,,,,,,,,,,,,,,,,,,,,,,,,,,,,,,,,,,,,,,,,,
,,,,,,,,,,,,,,,,,,,,,,,,,,,,,,,,,,,,,,,,,,,,,,,,,,,,,,,,
,,,,,,,,,,,,,,,,,,,,,,,,,,,,,,,,,,,,,,,,,,,,,,,,,,,,,,,,
,,,,,,,,,,,,,,,,,,,,,,,,,,,,,,,,,,,,,,,,,,,,,,,,,,,,,,,,
,,,,,,,,,,,,,,,,,,,,,,,,,,,,,,,,,,,,,,,,,,,,,,,,,,,,,,,,
,,,,,,,,,,,,,,,,,,,,,,,,,,,,,,,,,,,,,,,,,,,,,,,,,,,,,,,,
,,,,,,,,,,,,,,,,,,,,,,,,,,,,,,,,,,,,,,,,,,,,,,,,,,,,,,,,
,,,,,,,,,,,,,,,,,,,,,,,,,,,,,,,,,,,,,,,,,,,,,,,,,,,,,,,,
,,,,,,,,,,,,,,,,,,,,,,,,,,,,,,,,,,,,,,,,,,,,,,,,,,,,,,,,
,,,,,,,,,,,,,,,,,,,,,,,,,,,,,,,,,,,,,,,,,,,,,,,,,,,,,,,,
,,,,,,,,,,,,,,,,,,,,,,,,,,,,,,,,,,,,,,,,,,,,,,,,,,,,,,,,
,,,,,,,,,,,,,,,,,,,,,,,,,,,,,,,,,,,,,,,,,,,,,,,,,,,,,,,,
,,,,,,,,,,,,,,,,,,,,,,,,,,,,,,,,,,,,,,,,,,,,,,,,,,,,,,,,
,,,,,,,,,,,,,,,,,,,,,,,,,,,,,,,,,,,,,,,,,,,,,,,,,,,,,,,,
,,,,,,,,,,,,,,,,,,,,,,,,,,,,,,,,,,,,,,,,,,,,,,,,,,,,,,,,
,,,,,,,,,,,,,,,,,,,,,,,,,,,,,,,,,,,,,,,,,,,,,,,,,,,,,,,,
,,,,,,,,,,,,,,,,,,,,,,,,,,,,,,,,,,,,,,,,,,,,,,,,,,,,,,,,
,,,,,,,,,,,,,,,,,,,,,,,,,,,,,,,,,,,,,,,,,,,,,,,,,,,,,,,,
,,,,,,,,,,,,,,,,,,,,,,,,,,,,,,,,,,,,,,,,,,,,,,,,,,,,,,,,
,,,,,,,,,,,,,,,,,,,,,,,,,,,,,,,,,,,,,,,,,,,,,,,,,,,,,,,,
,,,,,,,,,,,,,,,,,,,,,,,,,,,,,,,,,,,,,,,,,,,,,,,,,,,,,,,,
,,,,,,,,,,,,,,,,,,,,,,,,,,,,,,,,,,,,,,,,,,,,,,,,,,,,,,,,
,,,,,,,,,,,,,,,,,,,,,,,,,,,,,,,,,,,,,,,,,,,,,,,,,,,,,,,,
,,,,,,,,,,,,,,,,,,,,,,,,,,,,,,,,,,,,,,,,,,,,,,,,,,,,,,,,
,,,,,,,,,,,,,,,,,,,,,,,,,,,,,,,,,,,,,,,,,,,,,,,,,,,,,,,,
,,,,,,,,,,,,,,,,,,,,,,,,,,,,,,,,,,,,,,,,,,,,,,,,,,,,,,,,
,,,,,,,,,,,,,,,,,,,,,,,,,,,,,,,,,,,,,,,,,,,,,,,,,,,,,,,,
,,,,,,,,,,,,,,,,,,,,,,,,,,,,,,,,,,,,,,,,,,,,,,,,,,,,,,,,
,,,,,,,,,,,,,,,,,,,,,,,,,,,,,,,,,,,,,,,,,,,,,,,,,,,,,,,,
,,,,,,,,,,,,,,,,,,,,,,,,,,,,,,,,,,,,,,,,,,,,,,,,,,,,,,,,
,,,,,,,,,,,,,,,,,,,,,,,,,,,,,,,,,,,,,,,,,,,,,,,,,,,,,,,,
,,,,,,,,,,,,,,,,,,,,,,,,,,,,,,,,,,,,,,,,,,,,,,,,,,,,,,,,
,,,,,,,,,,,,,,,,,,,,,,,,,,,,,,,,,,,,,,,,,,,,,,,,,,,,,,,,
,,,,,,,,,,,,,,,,,,,,,,,,,,,,,,,,,,,,,,,,,,,,,,,,,,,,,,,,
,,,,,,,,,,,,,,,,,,,,,,,,,,,,,,,,,,,,,,,,,,,,,,,,,,,,,,,,
,,,,,,,,,,,,,,,,,,,,,,,,,,,,,,,,,,,,,,,,,,,,,,,,,,,,,,,,
,,,,,,,,,,,,,,,,,,,,,,,,,,,,,,,,,,,,,,,,,,,,,,,,,,,,,,,,
,,,,,,,,,,,,,,,,,,,,,,,,,,,,,,,,,,,,,,,,,,,,,,,,,,,,,,,,
,,,,,,,,,,,,,,,,,,,,,,,,,,,,,,,,,,,,,,,,,,,,,,,,,,,,,,,,
,,,,,,,,,,,,,,,,,,,,,,,,,,,,,,,,,,,,,,,,,,,,,,,,,,,,,,,,
,,,,,,,,,,,,,,,,,,,,,,,,,,,,,,,,,,,,,,,,,,,,,,,,,,,,,,,,
,,,,,,,,,,,,,,,,,,,,,,,,,,,,,,,,,,,,,,,,,,,,,,,,,,,,,,,,
,,,,,,,,,,,,,,,,,,,,,,,,,,,,,,,,,,,,,,,,,,,,,,,,,,,,,,,,
,,,,,,,,,,,,,,,,,,,,,,,,,,,,,,,,,,,,,,,,,,,,,,,,,,,,,,,,
,,,,,,,,,,,,,,,,,,,,,,,,,,,,,,,,,,,,,,,,,,,,,,,,,,,,,,,,
,,,,,,,,,,,,,,,,,,,,,,,,,,,,,,,,,,,,,,,,,,,,,,,,,,,,,,,,
,,,,,,,,,,,,,,,,,,,,,,,,,,,,,,,,,,,,,,,,,,,,,,,,,,,,,,,,
,,,,,,,,,,,,,,,,,,,,,,,,,,,,,,,,,,,,,,,,,,,,,,,,,,,,,,,,
,,,,,,,,,,,,,,,,,,,,,,,,,,,,,,,,,,,,,,,,,,,,,,,,,,,,,,,,
,,,,,,,,,,,,,,,,,,,,,,,,,,,,,,,,,,,,,,,,,,,,,,,,,,,,,,,,
,,,,,,,,,,,,,,,,,,,,,,,,,,,,,,,,,,,,,,,,,,,,,,,,,,,,,,,,
,,,,,,,,,,,,,,,,,,,,,,,,,,,,,,,,,,,,,,,,,,,,,,,,,,,,,,,,
,,,,,,,,,,,,,,,,,,,,,,,,,,,,,,,,,,,,,,,,,,,,,,,,,,,,,,,,
,,,,,,,,,,,,,,,,,,,,,,,,,,,,,,,,,,,,,,,,,,,,,,,,,,,,,,,,
,,,,,,,,,,,,,,,,,,,,,,,,,,,,,,,,,,,,,,,,,,,,,,,,,,,,,,,,
,,,,,,,,,,,,,,,,,,,,,,,,,,,,,,,,,,,,,,,,,,,,,,,,,,,,,,,,
,,,,,,,,,,,,,,,,,,,,,,,,,,,,,,,,,,,,,,,,,,,,,,,,,,,,,,,,
,,,,,,,,,,,,,,,,,,,,,,,,,,,,,,,,,,,,,,,,,,,,,,,,,,,,,,,,
,,,,,,,,,,,,,,,,,,,,,,,,,,,,,,,,,,,,,,,,,,,,,,,,,,,,,,,,
,,,,,,,,,,,,,,,,,,,,,,,,,,,,,,,,,,,,,,,,,,,,,,,,,,,,,,,,
,,,,,,,,,,,,,,,,,,,,,,,,,,,,,,,,,,,,,,,,,,,,,,,,,,,,,,,,
,,,,,,,,,,,,,,,,,,,,,,,,,,,,,,,,,,,,,,,,,,,,,,,,,,,,,,,,
,,,,,,,,,,,,,,,,,,,,,,,,,,,,,,,,,,,,,,,,,,,,,,,,,,,,,,,,
,,,,,,,,,,,,,,,,,,,,,,,,,,,,,,,,,,,,,,,,,,,,,,,,,,,,,,,,
,,,,,,,,,,,,,,,,,,,,,,,,,,,,,,,,,,,,,,,,,,,,,,,,,,,,,,,,
,,,,,,,,,,,,,,,,,,,,,,,,,,,,,,,,,,,,,,,,,,,,,,,,,,,,,,,,
,,,,,,,,,,,,,,,,,,,,,,,,,,,,,,,,,,,,,,,,,,,,,,,,,,,,,,,,
,,,,,,,,,,,,,,,,,,,,,,,,,,,,,,,,,,,,,,,,,,,,,,,,,,,,,,,,
,,,,,,,,,,,,,,,,,,,,,,,,,,,,,,,,,,,,,,,,,,,,,,,,,,,,,,,,
,,,,,,,,,,,,,,,,,,,,,,,,,,,,,,,,,,,,,,,,,,,,,,,,,,,,,,,,
,,,,,,,,,,,,,,,,,,,,,,,,,,,,,,,,,,,,,,,,,,,,,,,,,,,,,,,,
,,,,,,,,,,,,,,,,,,,,,,,,,,,,,,,,,,,,,,,,,,,,,,,,,,,,,,,,
,,,,,,,,,,,,,,,,,,,,,,,,,,,,,,,,,,,,,,,,,,,,,,,,,,,,,,,,
,,,,,,,,,,,,,,,,,,,,,,,,,,,,,,,,,,,,,,,,,,,,,,,,,,,,,,,,
,,,,,,,,,,,,,,,,,,,,,,,,,,,,,,,,,,,,,,,,,,,,,,,,,,,,,,,,
,,,,,,,,,,,,,,,,,,,,,,,,,,,,,,,,,,,,,,,,,,,,,,,,,,,,,,,,
,,,,,,,,,,,,,,,,,,,,,,,,,,,,,,,,,,,,,,,,,,,,,,,,,,,,,,,,
,,,,,,,,,,,,,,,,,,,,,,,,,,,,,,,,,,,,,,,,,,,,,,,,,,,,,,,,
,,,,,,,,,,,,,,,,,,,,,,,,,,,,,,,,,,,,,,,,,,,,,,,,,,,,,,,,
,,,,,,,,,,,,,,,,,,,,,,,,,,,,,,,,,,,,,,,,,,,,,,,,,,,,,,,,
,,,,,,,,,,,,,,,,,,,,,,,,,,,,,,,,,,,,,,,,,,,,,,,,,,,,,,,,
,,,,,,,,,,,,,,,,,,,,,,,,,,,,,,,,,,,,,,,,,,,,,,,,,,,,,,,,
,,,,,,,,,,,,,,,,,,,,,,,,,,,,,,,,,,,,,,,,,,,,,,,,,,,,,,,,
,,,,,,,,,,,,,,,,,,,,,,,,,,,,,,,,,,,,,,,,,,,,,,,,,,,,,,,,
,,,,,,,,,,,,,,,,,,,,,,,,,,,,,,,,,,,,,,,,,,,,,,,,,,,,,,,,
,,,,,,,,,,,,,,,,,,,,,,,,,,,,,,,,,,,,,,,,,,,,,,,,,,,,,,,,
,,,,,,,,,,,,,,,,,,,,,,,,,,,,,,,,,,,,,,,,,,,,,,,,,,,,,,,,
,,,,,,,,,,,,,,,,,,,,,,,,,,,,,,,,,,,,,,,,,,,,,,,,,,,,,,,,
,,,,,,,,,,,,,,,,,,,,,,,,,,,,,,,,,,,,,,,,,,,,,,,,,,,,,,,,
,,,,,,,,,,,,,,,,,,,,,,,,,,,,,,,,,,,,,,,,,,,,,,,,,,,,,,,,
,,,,,,,,,,,,,,,,,,,,,,,,,,,,,,,,,,,,,,,,,,,,,,,,,,,,,,,,
,,,,,,,,,,,,,,,,,,,,,,,,,,,,,,,,,,,,,,,,,,,,,,,,,,,,,,,,
,,,,,,,,,,,,,,,,,,,,,,,,,,,,,,,,,,,,,,,,,,,,,,,,,,,,,,,,
,,,,,,,,,,,,,,,,,,,,,,,,,,,,,,,,,,,,,,,,,,,,,,,,,,,,,,,,
,,,,,,,,,,,,,,,,,,,,,,,,,,,,,,,,,,,,,,,,,,,,,,,,,,,,,,,,
,,,,,,,,,,,,,,,,,,,,,,,,,,,,,,,,,,,,,,,,,,,,,,,,,,,,,,,,
,,,,,,,,,,,,,,,,,,,,,,,,,,,,,,,,,,,,,,,,,,,,,,,,,,,,,,,,
,,,,,,,,,,,,,,,,,,,,,,,,,,,,,,,,,,,,,,,,,,,,,,,,,,,,,,,,
,,,,,,,,,,,,,,,,,,,,,,,,,,,,,,,,,,,,,,,,,,,,,,,,,,,,,,,,
,,,,,,,,,,,,,,,,,,,,,,,,,,,,,,,,,,,,,,,,,,,,,,,,,,,,,,,,
,,,,,,,,,,,,,,,,,,,,,,,,,,,,,,,,,,,,,,,,,,,,,,,,,,,,,,,,
,,,,,,,,,,,,,,,,,,,,,,,,,,,,,,,,,,,,,,,,,,,,,,,,,,,,,,,,
,,,,,,,,,,,,,,,,,,,,,,,,,,,,,,,,,,,,,,,,,,,,,,,,,,,,,,,,
,,,,,,,,,,,,,,,,,,,,,,,,,,,,,,,,,,,,,,,,,,,,,,,,,,,,,,,,
,,,,,,,,,,,,,,,,,,,,,,,,,,,,,,,,,,,,,,,,,,,,,,,,,,,,,,,,
,,,,,,,,,,,,,,,,,,,,,,,,,,,,,,,,,,,,,,,,,,,,,,,,,,,,,,,,
,,,,,,,,,,,,,,,,,,,,,,,,,,,,,,,,,,,,,,,,,,,,,,,,,,,,,,,,
,,,,,,,,,,,,,,,,,,,,,,,,,,,,,,,,,,,,,,,,,,,,,,,,,,,,,,,,
,,,,,,,,,,,,,,,,,,,,,,,,,,,,,,,,,,,,,,,,,,,,,,,,,,,,,,,,
,,,,,,,,,,,,,,,,,,,,,,,,,,,,,,,,,,,,,,,,,,,,,,,,,,,,,,,,
,,,,,,,,,,,,,,,,,,,,,,,,,,,,,,,,,,,,,,,,,,,,,,,,,,,,,,,,
,,,,,,,,,,,,,,,,,,,,,,,,,,,,,,,,,,,,,,,,,,,,,,,,,,,,,,,,
,,,,,,,,,,,,,,,,,,,,,,,,,,,,,,,,,,,,,,,,,,,,,,,,,,,,,,,,
,,,,,,,,,,,,,,,,,,,,,,,,,,,,,,,,,,,,,,,,,,,,,,,,,,,,,,,,
,,,,,,,,,,,,,,,,,,,,,,,,,,,,,,,,,,,,,,,,,,,,,,,,,,,,,,,,
,,,,,,,,,,,,,,,,,,,,,,,,,,,,,,,,,,,,,,,,,,,,,,,,,,,,,,,,
,,,,,,,,,,,,,,,,,,,,,,,,,,,,,,,,,,,,,,,,,,,,,,,,,,,,,,,,
,,,,,,,,,,,,,,,,,,,,,,,,,,,,,,,,,,,,,,,,,,,,,,,,,,,,,,,,
,,,,,,,,,,,,,,,,,,,,,,,,,,,,,,,,,,,,,,,,,,,,,,,,,,,,,,,,
,,,,,,,,,,,,,,,,,,,,,,,,,,,,,,,,,,,,,,,,,,,,,,,,,,,,,,,,
,,,,,,,,,,,,,,,,,,,,,,,,,,,,,,,,,,,,,,,,,,,,,,,,,,,,,,,,
,,,,,,,,,,,,,,,,,,,,,,,,,,,,,,,,,,,,,,,,,,,,,,,,,,,,,,,,
,,,,,,,,,,,,,,,,,,,,,,,,,,,,,,,,,,,,,,,,,,,,,,,,,,,,,,,,
,,,,,,,,,,,,,,,,,,,,,,,,,,,,,,,,,,,,,,,,,,,,,,,,,,,,,,,,
,,,,,,,,,,,,,,,,,,,,,,,,,,,,,,,,,,,,,,,,,,,,,,,,,,,,,,,,
,,,,,,,,,,,,,,,,,,,,,,,,,,,,,,,,,,,,,,,,,,,,,,,,,,,,,,,,
,,,,,,,,,,,,,,,,,,,,,,,,,,,,,,,,,,,,,,,,,,,,,,,,,,,,,,,,
,,,,,,,,,,,,,,,,,,,,,,,,,,,,,,,,,,,,,,,,,,,,,,,,,,,,,,,,
,,,,,,,,,,,,,,,,,,,,,,,,,,,,,,,,,,,,,,,,,,,,,,,,,,,,,,,,
,,,,,,,,,,,,,,,,,,,,,,,,,,,,,,,,,,,,,,,,,,,,,,,,,,,,,,,,
,,,,,,,,,,,,,,,,,,,,,,,,,,,,,,,,,,,,,,,,,,,,,,,,,,,,,,,,
,,,,,,,,,,,,,,,,,,,,,,,,,,,,,,,,,,,,,,,,,,,,,,,,,,,,,,,,
,,,,,,,,,,,,,,,,,,,,,,,,,,,,,,,,,,,,,,,,,,,,,,,,,,,,,,,,
,,,,,,,,,,,,,,,,,,,,,,,,,,,,,,,,,,,,,,,,,,,,,,,,,,,,,,,,
,,,,,,,,,,,,,,,,,,,,,,,,,,,,,,,,,,,,,,,,,,,,,,,,,,,,,,,,
,,,,,,,,,,,,,,,,,,,,,,,,,,,,,,,,,,,,,,,,,,,,,,,,,,,,,,,,
,,,,,,,,,,,,,,,,,,,,,,,,,,,,,,,,,,,,,,,,,,,,,,,,,,,,,,,,
,,,,,,,,,,,,,,,,,,,,,,,,,,,,,,,,,,,,,,,,,,,,,,,,,,,,,,,,
,,,,,,,,,,,,,,,,,,,,,,,,,,,,,,,,,,,,,,,,,,,,,,,,,,,,,,,,
,,,,,,,,,,,,,,,,,,,,,,,,,,,,,,,,,,,,,,,,,,,,,,,,,,,,,,,,
,,,,,,,,,,,,,,,,,,,,,,,,,,,,,,,,,,,,,,,,,,,,,,,,,,,,,,,,
,,,,,,,,,,,,,,,,,,,,,,,,,,,,,,,,,,,,,,,,,,,,,,,,,,,,,,,,
,,,,,,,,,,,,,,,,,,,,,,,,,,,,,,,,,,,,,,,,,,,,,,,,,,,,,,,,
,,,,,,,,,,,,,,,,,,,,,,,,,,,,,,,,,,,,,,,,,,,,,,,,,,,,,,,,
,,,,,,,,,,,,,,,,,,,,,,,,,,,,,,,,,,,,,,,,,,,,,,,,,,,,,,,,
,,,,,,,,,,,,,,,,,,,,,,,,,,,,,,,,,,,,,,,,,,,,,,,,,,,,,,,,
,,,,,,,,,,,,,,,,,,,,,,,,,,,,,,,,,,,,,,,,,,,,,,,,,,,,,,,,
,,,,,,,,,,,,,,,,,,,,,,,,,,,,,,,,,,,,,,,,,,,,,,,,,,,,,,,,
,,,,,,,,,,,,,,,,,,,,,,,,,,,,,,,,,,,,,,,,,,,,,,,,,,,,,,,,
,,,,,,,,,,,,,,,,,,,,,,,,,,,,,,,,,,,,,,,,,,,,,,,,,,,,,,,,
,,,,,,,,,,,,,,,,,,,,,,,,,,,,,,,,,,,,,,,,,,,,,,,,,,,,,,,,
,,,,,,,,,,,,,,,,,,,,,,,,,,,,,,,,,,,,,,,,,,,,,,,,,,,,,,,,
,,,,,,,,,,,,,,,,,,,,,,,,,,,,,,,,,,,,,,,,,,,,,,,,,,,,,,,,
,,,,,,,,,,,,,,,,,,,,,,,,,,,,,,,,,,,,,,,,,,,,,,,,,,,,,,,,
,,,,,,,,,,,,,,,,,,,,,,,,,,,,,,,,,,,,,,,,,,,,,,,,,,,,,,,,
,,,,,,,,,,,,,,,,,,,,,,,,,,,,,,,,,,,,,,,,,,,,,,,,,,,,,,,,
,,,,,,,,,,,,,,,,,,,,,,,,,,,,,,,,,,,,,,,,,,,,,,,,,,,,,,,,
,,,,,,,,,,,,,,,,,,,,,,,,,,,,,,,,,,,,,,,,,,,,,,,,,,,,,,,,
,,,,,,,,,,,,,,,,,,,,,,,,,,,,,,,,,,,,,,,,,,,,,,,,,,,,,,,,
,,,,,,,,,,,,,,,,,,,,,,,,,,,,,,,,,,,,,,,,,,,,,,,,,,,,,,,,
,,,,,,,,,,,,,,,,,,,,,,,,,,,,,,,,,,,,,,,,,,,,,,,,,,,,,,,,
,,,,,,,,,,,,,,,,,,,,,,,,,,,,,,,,,,,,,,,,,,,,,,,,,,,,,,,,
,,,,,,,,,,,,,,,,,,,,,,,,,,,,,,,,,,,,,,,,,,,,,,,,,,,,,,,,
,,,,,,,,,,,,,,,,,,,,,,,,,,,,,,,,,,,,,,,,,,,,,,,,,,,,,,,,
,,,,,,,,,,,,,,,,,,,,,,,,,,,,,,,,,,,,,,,,,,,,,,,,,,,,,,,,
,,,,,,,,,,,,,,,,,,,,,,,,,,,,,,,,,,,,,,,,,,,,,,,,,,,,,,,,
,,,,,,,,,,,,,,,,,,,,,,,,,,,,,,,,,,,,,,,,,,,,,,,,,,,,,,,,
,,,,,,,,,,,,,,,,,,,,,,,,,,,,,,,,,,,,,,,,,,,,,,,,,,,,,,,,
,,,,,,,,,,,,,,,,,,,,,,,,,,,,,,,,,,,,,,,,,,,,,,,,,,,,,,,,
,,,,,,,,,,,,,,,,,,,,,,,,,,,,,,,,,,,,,,,,,,,,,,,,,,,,,,,,
,,,,,,,,,,,,,,,,,,,,,,,,,,,,,,,,,,,,,,,,,,,,,,,,,,,,,,,,
,,,,,,,,,,,,,,,,,,,,,,,,,,,,,,,,,,,,,,,,,,,,,,,,,,,,,,,,
,,,,,,,,,,,,,,,,,,,,,,,,,,,,,,,,,,,,,,,,,,,,,,,,,,,,,,,,
,,,,,,,,,,,,,,,,,,,,,,,,,,,,,,,,,,,,,,,,,,,,,,,,,,,,,,,,
,,,,,,,,,,,,,,,,,,,,,,,,,,,,,,,,,,,,,,,,,,,,,,,,,,,,,,,,
,,,,,,,,,,,,,,,,,,,,,,,,,,,,,,,,,,,,,,,,,,,,,,,,,,,,,,,,
,,,,,,,,,,,,,,,,,,,,,,,,,,,,,,,,,,,,,,,,,,,,,,,,,,,,,,,,
,,,,,,,,,,,,,,,,,,,,,,,,,,,,,,,,,,,,,,,,,,,,,,,,,,,,,,,,
,,,,,,,,,,,,,,,,,,,,,,,,,,,,,,,,,,,,,,,,,,,,,,,,,,,,,,,,
,,,,,,,,,,,,,,,,,,,,,,,,,,,,,,,,,,,,,,,,,,,,,,,,,,,,,,,,
,,,,,,,,,,,,,,,,,,,,,,,,,,,,,,,,,,,,,,,,,,,,,,,,,,,,,,,,
,,,,,,,,,,,,,,,,,,,,,,,,,,,,,,,,,,,,,,,,,,,,,,,,,,,,,,,,
,,,,,,,,,,,,,,,,,,,,,,,,,,,,,,,,,,,,,,,,,,,,,,,,,,,,,,,,
,,,,,,,,,,,,,,,,,,,,,,,,,,,,,,,,,,,,,,,,,,,,,,,,,,,,,,,,
,,,,,,,,,,,,,,,,,,,,,,,,,,,,,,,,,,,,,,,,,,,,,,,,,,,,,,,,
,,,,,,,,,,,,,,,,,,,,,,,,,,,,,,,,,,,,,,,,,,,,,,,,,,,,,,,,
,,,,,,,,,,,,,,,,,,,,,,,,,,,,,,,,,,,,,,,,,,,,,,,,,,,,,,,,
,,,,,,,,,,,,,,,,,,,,,,,,,,,,,,,,,,,,,,,,,,,,,,,,,,,,,,,,
,,,,,,,,,,,,,,,,,,,,,,,,,,,,,,,,,,,,,,,,,,,,,,,,,,,,,,,,
,,,,,,,,,,,,,,,,,,,,,,,,,,,,,,,,,,,,,,,,,,,,,,,,,,,,,,,,
,,,,,,,,,,,,,,,,,,,,,,,,,,,,,,,,,,,,,,,,,,,,,,,,,,,,,,,,
,,,,,,,,,,,,,,,,,,,,,,,,,,,,,,,,,,,,,,,,,,,,,,,,,,,,,,,,
,,,,,,,,,,,,,,,,,,,,,,,,,,,,,,,,,,,,,,,,,,,,,,,,,,,,,,,,
,,,,,,,,,,,,,,,,,,,,,,,,,,,,,,,,,,,,,,,,,,,,,,,,,,,,,,,,
,,,,,,,,,,,,,,,,,,,,,,,,,,,,,,,,,,,,,,,,,,,,,,,,,,,,,,,,
,,,,,,,,,,,,,,,,,,,,,,,,,,,,,,,,,,,,,,,,,,,,,,,,,,,,,,,,
,,,,,,,,,,,,,,,,,,,,,,,,,,,,,,,,,,,,,,,,,,,,,,,,,,,,,,,,
,,,,,,,,,,,,,,,,,,,,,,,,,,,,,,,,,,,,,,,,,,,,,,,,,,,,,,,,
,,,,,,,,,,,,,,,,,,,,,,,,,,,,,,,,,,,,,,,,,,,,,,,,,,,,,,,,
,,,,,,,,,,,,,,,,,,,,,,,,,,,,,,,,,,,,,,,,,,,,,,,,,,,,,,,,
,,,,,,,,,,,,,,,,,,,,,,,,,,,,,,,,,,,,,,,,,,,,,,,,,,,,,,,,
,,,,,,,,,,,,,,,,,,,,,,,,,,,,,,,,,,,,,,,,,,,,,,,,,,,,,,,,
,,,,,,,,,,,,,,,,,,,,,,,,,,,,,,,,,,,,,,,,,,,,,,,,,,,,,,,,
,,,,,,,,,,,,,,,,,,,,,,,,,,,,,,,,,,,,,,,,,,,,,,,,,,,,,,,,
,,,,,,,,,,,,,,,,,,,,,,,,,,,,,,,,,,,,,,,,,,,,,,,,,,,,,,,,
,,,,,,,,,,,,,,,,,,,,,,,,,,,,,,,,,,,,,,,,,,,,,,,,,,,,,,,,
,,,,,,,,,,,,,,,,,,,,,,,,,,,,,,,,,,,,,,,,,,,,,,,,,,,,,,,,
,,,,,,,,,,,,,,,,,,,,,,,,,,,,,,,,,,,,,,,,,,,,,,,,,,,,,,,,
,,,,,,,,,,,,,,,,,,,,,,,,,,,,,,,,,,,,,,,,,,,,,,,,,,,,,,,,
,,,,,,,,,,,,,,,,,,,,,,,,,,,,,,,,,,,,,,,,,,,,,,,,,,,,,,,,
,,,,,,,,,,,,,,,,,,,,,,,,,,,,,,,,,,,,,,,,,,,,,,,,,,,,,,,,
,,,,,,,,,,,,,,,,,,,,,,,,,,,,,,,,,,,,,,,,,,,,,,,,,,,,,,,,
,,,,,,,,,,,,,,,,,,,,,,,,,,,,,,,,,,,,,,,,,,,,,,,,,,,,,,,,
,,,,,,,,,,,,,,,,,,,,,,,,,,,,,,,,,,,,,,,,,,,,,,,,,,,,,,,,
,,,,,,,,,,,,,,,,,,,,,,,,,,,,,,,,,,,,,,,,,,,,,,,,,,,,,,,,
,,,,,,,,,,,,,,,,,,,,,,,,,,,,,,,,,,,,,,,,,,,,,,,,,,,,,,,,
,,,,,,,,,,,,,,,,,,,,,,,,,,,,,,,,,,,,,,,,,,,,,,,,,,,,,,,,
,,,,,,,,,,,,,,,,,,,,,,,,,,,,,,,,,,,,,,,,,,,,,,,,,,,,,,,,
,,,,,,,,,,,,,,,,,,,,,,,,,,,,,,,,,,,,,,,,,,,,,,,,,,,,,,,,
,,,,,,,,,,,,,,,,,,,,,,,,,,,,,,,,,,,,,,,,,,,,,,,,,,,,,,,,
,,,,,,,,,,,,,,,,,,,,,,,,,,,,,,,,,,,,,,,,,,,,,,,,,,,,,,,,
,,,,,,,,,,,,,,,,,,,,,,,,,,,,,,,,,,,,,,,,,,,,,,,,,,,,,,,,
,,,,,,,,,,,,,,,,,,,,,,,,,,,,,,,,,,,,,,,,,,,,,,,,,,,,,,,,
,,,,,,,,,,,,,,,,,,,,,,,,,,,,,,,,,,,,,,,,,,,,,,,,,,,,,,,,
,,,,,,,,,,,,,,,,,,,,,,,,,,,,,,,,,,,,,,,,,,,,,,,,,,,,,,,,
,,,,,,,,,,,,,,,,,,,,,,,,,,,,,,,,,,,,,,,,,,,,,,,,,,,,,,,,
,,,,,,,,,,,,,,,,,,,,,,,,,,,,,,,,,,,,,,,,,,,,,,,,,,,,,,,,
,,,,,,,,,,,,,,,,,,,,,,,,,,,,,,,,,,,,,,,,,,,,,,,,,,,,,,,,
,,,,,,,,,,,,,,,,,,,,,,,,,,,,,,,,,,,,,,,,,,,,,,,,,,,,,,,,
,,,,,,,,,,,,,,,,,,,,,,,,,,,,,,,,,,,,,,,,,,,,,,,,,,,,,,,,
,,,,,,,,,,,,,,,,,,,,,,,,,,,,,,,,,,,,,,,,,,,,,,,,,,,,,,,,
,,,,,,,,,,,,,,,,,,,,,,,,,,,,,,,,,,,,,,,,,,,,,,,,,,,,,,,,
,,,,,,,,,,,,,,,,,,,,,,,,,,,,,,,,,,,,,,,,,,,,,,,,,,,,,,,,
,,,,,,,,,,,,,,,,,,,,,,,,,,,,,,,,,,,,,,,,,,,,,,,,,,,,,,,,
,,,,,,,,,,,,,,,,,,,,,,,,,,,,,,,,,,,,,,,,,,,,,,,,,,,,,,,,
,,,,,,,,,,,,,,,,,,,,,,,,,,,,,,,,,,,,,,,,,,,,,,,,,,,,,,,,
,,,,,,,,,,,,,,,,,,,,,,,,,,,,,,,,,,,,,,,,,,,,,,,,,,,,,,,,
,,,,,,,,,,,,,,,,,,,,,,,,,,,,,,,,,,,,,,,,,,,,,,,,,,,,,,,,
,,,,,,,,,,,,,,,,,,,,,,,,,,,,,,,,,,,,,,,,,,,,,,,,,,,,,,,,
,,,,,,,,,,,,,,,,,,,,,,,,,,,,,,,,,,,,,,,,,,,,,,,,,,,,,,,,
,,,,,,,,,,,,,,,,,,,,,,,,,,,,,,,,,,,,,,,,,,,,,,,,,,,,,,,,
,,,,,,,,,,,,,,,,,,,,,,,,,,,,,,,,,,,,,,,,,,,,,,,,,,,,,,,,
,,,,,,,,,,,,,,,,,,,,,,,,,,,,,,,,,,,,,,,,,,,,,,,,,,,,,,,,
,,,,,,,,,,,,,,,,,,,,,,,,,,,,,,,,,,,,,,,,,,,,,,,,,,,,,,,,
,,,,,,,,,,,,,,,,,,,,,,,,,,,,,,,,,,,,,,,,,,,,,,,,,,,,,,,,
,,,,,,,,,,,,,,,,,,,,,,,,,,,,,,,,,,,,,,,,,,,,,,,,,,,,,,,,
,,,,,,,,,,,,,,,,,,,,,,,,,,,,,,,,,,,,,,,,,,,,,,,,,,,,,,,,
,,,,,,,,,,,,,,,,,,,,,,,,,,,,,,,,,,,,,,,,,,,,,,,,,,,,,,,,
,,,,,,,,,,,,,,,,,,,,,,,,,,,,,,,,,,,,,,,,,,,,,,,,,,,,,,,,
,,,,,,,,,,,,,,,,,,,,,,,,,,,,,,,,,,,,,,,,,,,,,,,,,,,,,,,,
,,,,,,,,,,,,,,,,,,,,,,,,,,,,,,,,,,,,,,,,,,,,,,,,,,,,,,,,
,,,,,,,,,,,,,,,,,,,,,,,,,,,,,,,,,,,,,,,,,,,,,,,,,,,,,,,,
,,,,,,,,,,,,,,,,,,,,,,,,,,,,,,,,,,,,,,,,,,,,,,,,,,,,,,,,
,,,,,,,,,,,,,,,,,,,,,,,,,,,,,,,,,,,,,,,,,,,,,,,,,,,,,,,,
,,,,,,,,,,,,,,,,,,,,,,,,,,,,,,,,,,,,,,,,,,,,,,,,,,,,,,,,
,,,,,,,,,,,,,,,,,,,,,,,,,,,,,,,,,,,,,,,,,,,,,,,,,,,,,,,,
,,,,,,,,,,,,,,,,,,,,,,,,,,,,,,,,,,,,,,,,,,,,,,,,,,,,,,,,
,,,,,,,,,,,,,,,,,,,,,,,,,,,,,,,,,,,,,,,,,,,,,,,,,,,,,,,,
,,,,,,,,,,,,,,,,,,,,,,,,,,,,,,,,,,,,,,,,,,,,,,,,,,,,,,,,
,,,,,,,,,,,,,,,,,,,,,,,,,,,,,,,,,,,,,,,,,,,,,,,,,,,,,,,,
,,,,,,,,,,,,,,,,,,,,,,,,,,,,,,,,,,,,,,,,,,,,,,,,,,,,,,,,
,,,,,,,,,,,,,,,,,,,,,,,,,,,,,,,,,,,,,,,,,,,,,,,,,,,,,,,,
,,,,,,,,,,,,,,,,,,,,,,,,,,,,,,,,,,,,,,,,,,,,,,,,,,,,,,,,
,,,,,,,,,,,,,,,,,,,,,,,,,,,,,,,,,,,,,,,,,,,,,,,,,,,,,,,,
,,,,,,,,,,,,,,,,,,,,,,,,,,,,,,,,,,,,,,,,,,,,,,,,,,,,,,,,
,,,,,,,,,,,,,,,,,,,,,,,,,,,,,,,,,,,,,,,,,,,,,,,,,,,,,,,,
,,,,,,,,,,,,,,,,,,,,,,,,,,,,,,,,,,,,,,,,,,,,,,,,,,,,,,,,
,,,,,,,,,,,,,,,,,,,,,,,,,,,,,,,,,,,,,,,,,,,,,,,,,,,,,,,,
,,,,,,,,,,,,,,,,,,,,,,,,,,,,,,,,,,,,,,,,,,,,,,,,,,,,,,,,
,,,,,,,,,,,,,,,,,,,,,,,,,,,,,,,,,,,,,,,,,,,,,,,,,,,,,,,,
,,,,,,,,,,,,,,,,,,,,,,,,,,,,,,,,,,,,,,,,,,,,,,,,,,,,,,,,
,,,,,,,,,,,,,,,,,,,,,,,,,,,,,,,,,,,,,,,,,,,,,,,,,,,,,,,,
,,,,,,,,,,,,,,,,,,,,,,,,,,,,,,,,,,,,,,,,,,,,,,,,,,,,,,,,
,,,,,,,,,,,,,,,,,,,,,,,,,,,,,,,,,,,,,,,,,,,,,,,,,,,,,,,,
,,,,,,,,,,,,,,,,,,,,,,,,,,,,,,,,,,,,,,,,,,,,,,,,,,,,,,,,
,,,,,,,,,,,,,,,,,,,,,,,,,,,,,,,,,,,,,,,,,,,,,,,,,,,,,,,,
,,,,,,,,,,,,,,,,,,,,,,,,,,,,,,,,,,,,,,,,,,,,,,,,,,,,,,,,
,,,,,,,,,,,,,,,,,,,,,,,,,,,,,,,,,,,,,,,,,,,,,,,,,,,,,,,,
,,,,,,,,,,,,,,,,,,,,,,,,,,,,,,,,,,,,,,,,,,,,,,,,,,,,,,,,
,,,,,,,,,,,,,,,,,,,,,,,,,,,,,,,,,,,,,,,,,,,,,,,,,,,,,,,,
,,,,,,,,,,,,,,,,,,,,,,,,,,,,,,,,,,,,,,,,,,,,,,,,,,,,,,,,
,,,,,,,,,,,,,,,,,,,,,,,,,,,,,,,,,,,,,,,,,,,,,,,,,,,,,,,,
,,,,,,,,,,,,,,,,,,,,,,,,,,,,,,,,,,,,,,,,,,,,,,,,,,,,,,,,
,,,,,,,,,,,,,,,,,,,,,,,,,,,,,,,,,,,,,,,,,,,,,,,,,,,,,,,,
,,,,,,,,,,,,,,,,,,,,,,,,,,,,,,,,,,,,,,,,,,,,,,,,,,,,,,,,
,,,,,,,,,,,,,,,,,,,,,,,,,,,,,,,,,,,,,,,,,,,,,,,,,,,,,,,,
,,,,,,,,,,,,,,,,,,,,,,,,,,,,,,,,,,,,,,,,,,,,,,,,,,,,,,,,
,,,,,,,,,,,,,,,,,,,,,,,,,,,,,,,,,,,,,,,,,,,,,,,,,,,,,,,,
,,,,,,,,,,,,,,,,,,,,,,,,,,,,,,,,,,,,,,,,,,,,,,,,,,,,,,,,
,,,,,,,,,,,,,,,,,,,,,,,,,,,,,,,,,,,,,,,,,,,,,,,,,,,,,,,,
,,,,,,,,,,,,,,,,,,,,,,,,,,,,,,,,,,,,,,,,,,,,,,,,,,,,,,,,
,,,,,,,,,,,,,,,,,,,,,,,,,,,,,,,,,,,,,,,,,,,,,,,,,,,,,,,,
,,,,,,,,,,,,,,,,,,,,,,,,,,,,,,,,,,,,,,,,,,,,,,,,,,,,,,,,
,,,,,,,,,,,,,,,,,,,,,,,,,,,,,,,,,,,,,,,,,,,,,,,,,,,,,,,,
,,,,,,,,,,,,,,,,,,,,,,,,,,,,,,,,,,,,,,,,,,,,,,,,,,,,,,,,
,,,,,,,,,,,,,,,,,,,,,,,,,,,,,,,,,,,,,,,,,,,,,,,,,,,,,,,,
,,,,,,,,,,,,,,,,,,,,,,,,,,,,,,,,,,,,,,,,,,,,,,,,,,,,,,,,
,,,,,,,,,,,,,,,,,,,,,,,,,,,,,,,,,,,,,,,,,,,,,,,,,,,,,,,,
,,,,,,,,,,,,,,,,,,,,,,,,,,,,,,,,,,,,,,,,,,,,,,,,,,,,,,,,
,,,,,,,,,,,,,,,,,,,,,,,,,,,,,,,,,,,,,,,,,,,,,,,,,,,,,,,,
,,,,,,,,,,,,,,,,,,,,,,,,,,,,,,,,,,,,,,,,,,,,,,,,,,,,,,,,
,,,,,,,,,,,,,,,,,,,,,,,,,,,,,,,,,,,,,,,,,,,,,,,,,,,,,,,,
,,,,,,,,,,,,,,,,,,,,,,,,,,,,,,,,,,,,,,,,,,,,,,,,,,,,,,,,
,,,,,,,,,,,,,,,,,,,,,,,,,,,,,,,,,,,,,,,,,,,,,,,,,,,,,,,,
,,,,,,,,,,,,,,,,,,,,,,,,,,,,,,,,,,,,,,,,,,,,,,,,,,,,,,,,
,,,,,,,,,,,,,,,,,,,,,,,,,,,,,,,,,,,,,,,,,,,,,,,,,,,,,,,,
,,,,,,,,,,,,,,,,,,,,,,,,,,,,,,,,,,,,,,,,,,,,,,,,,,,,,,,,
,,,,,,,,,,,,,,,,,,,,,,,,,,,,,,,,,,,,,,,,,,,,,,,,,,,,,,,,
,,,,,,,,,,,,,,,,,,,,,,,,,,,,,,,,,,,,,,,,,,,,,,,,,,,,,,,,
,,,,,,,,,,,,,,,,,,,,,,,,,,,,,,,,,,,,,,,,,,,,,,,,,,,,,,,,
,,,,,,,,,,,,,,,,,,,,,,,,,,,,,,,,,,,,,,,,,,,,,,,,,,,,,,,,
,,,,,,,,,,,,,,,,,,,,,,,,,,,,,,,,,,,,,,,,,,,,,,,,,,,,,,,,
,,,,,,,,,,,,,,,,,,,,,,,,,,,,,,,,,,,,,,,,,,,,,,,,,,,,,,,,
,,,,,,,,,,,,,,,,,,,,,,,,,,,,,,,,,,,,,,,,,,,,,,,,,,,,,,,,
,,,,,,,,,,,,,,,,,,,,,,,,,,,,,,,,,,,,,,,,,,,,,,,,,,,,,,,,
,,,,,,,,,,,,,,,,,,,,,,,,,,,,,,,,,,,,,,,,,,,,,,,,,,,,,,,,
,,,,,,,,,,,,,,,,,,,,,,,,,,,,,,,,,,,,,,,,,,,,,,,,,,,,,,,,
,,,,,,,,,,,,,,,,,,,,,,,,,,,,,,,,,,,,,,,,,,,,,,,,,,,,,,,,
,,,,,,,,,,,,,,,,,,,,,,,,,,,,,,,,,,,,,,,,,,,,,,,,,,,,,,,,
,,,,,,,,,,,,,,,,,,,,,,,,,,,,,,,,,,,,,,,,,,,,,,,,,,,,,,,,
,,,,,,,,,,,,,,,,,,,,,,,,,,,,,,,,,,,,,,,,,,,,,,,,,,,,,,,,
,,,,,,,,,,,,,,,,,,,,,,,,,,,,,,,,,,,,,,,,,,,,,,,,,,,,,,,,
,,,,,,,,,,,,,,,,,,,,,,,,,,,,,,,,,,,,,,,,,,,,,,,,,,,,,,,,
,,,,,,,,,,,,,,,,,,,,,,,,,,,,,,,,,,,,,,,,,,,,,,,,,,,,,,,,
,,,,,,,,,,,,,,,,,,,,,,,,,,,,,,,,,,,,,,,,,,,,,,,,,,,,,,,,
,,,,,,,,,,,,,,,,,,,,,,,,,,,,,,,,,,,,,,,,,,,,,,,,,,,,,,,,
,,,,,,,,,,,,,,,,,,,,,,,,,,,,,,,,,,,,,,,,,,,,,,,,,,,,,,,,
,,,,,,,,,,,,,,,,,,,,,,,,,,,,,,,,,,,,,,,,,,,,,,,,,,,,,,,,
,,,,,,,,,,,,,,,,,,,,,,,,,,,,,,,,,,,,,,,,,,,,,,,,,,,,,,,,
,,,,,,,,,,,,,,,,,,,,,,,,,,,,,,,,,,,,,,,,,,,,,,,,,,,,,,,,
,,,,,,,,,,,,,,,,,,,,,,,,,,,,,,,,,,,,,,,,,,,,,,,,,,,,,,,,
,,,,,,,,,,,,,,,,,,,,,,,,,,,,,,,,,,,,,,,,,,,,,,,,,,,,,,,,
,,,,,,,,,,,,,,,,,,,,,,,,,,,,,,,,,,,,,,,,,,,,,,,,,,,,,,,,
,,,,,,,,,,,,,,,,,,,,,,,,,,,,,,,,,,,,,,,,,,,,,,,,,,,,,,,,
,,,,,,,,,,,,,,,,,,,,,,,,,,,,,,,,,,,,,,,,,,,,,,,,,,,,,,,,
,,,,,,,,,,,,,,,,,,,,,,,,,,,,,,,,,,,,,,,,,,,,,,,,,,,,,,,,
,,,,,,,,,,,,,,,,,,,,,,,,,,,,,,,,,,,,,,,,,,,,,,,,,,,,,,,,
,,,,,,,,,,,,,,,,,,,,,,,,,,,,,,,,,,,,,,,,,,,,,,,,,,,,,,,,
,,,,,,,,,,,,,,,,,,,,,,,,,,,,,,,,,,,,,,,,,,,,,,,,,,,,,,,,
,,,,,,,,,,,,,,,,,,,,,,,,,,,,,,,,,,,,,,,,,,,,,,,,,,,,,,,,
,,,,,,,,,,,,,,,,,,,,,,,,,,,,,,,,,,,,,,,,,,,,,,,,,,,,,,,,
,,,,,,,,,,,,,,,,,,,,,,,,,,,,,,,,,,,,,,,,,,,,,,,,,,,,,,,,
,,,,,,,,,,,,,,,,,,,,,,,,,,,,,,,,,,,,,,,,,,,,,,,,,,,,,,,,
,,,,,,,,,,,,,,,,,,,,,,,,,,,,,,,,,,,,,,,,,,,,,,,,,,,,,,,,
,,,,,,,,,,,,,,,,,,,,,,,,,,,,,,,,,,,,,,,,,,,,,,,,,,,,,,,,
,,,,,,,,,,,,,,,,,,,,,,,,,,,,,,,,,,,,,,,,,,,,,,,,,,,,,,,,
,,,,,,,,,,,,,,,,,,,,,,,,,,,,,,,,,,,,,,,,,,,,,,,,,,,,,,,,
,,,,,,,,,,,,,,,,,,,,,,,,,,,,,,,,,,,,,,,,,,,,,,,,,,,,,,,,
,,,,,,,,,,,,,,,,,,,,,,,,,,,,,,,,,,,,,,,,,,,,,,,,,,,,,,,,
,,,,,,,,,,,,,,,,,,,,,,,,,,,,,,,,,,,,,,,,,,,,,,,,,,,,,,,,
,,,,,,,,,,,,,,,,,,,,,,,,,,,,,,,,,,,,,,,,,,,,,,,,,,,,,,,,
,,,,,,,,,,,,,,,,,,,,,,,,,,,,,,,,,,,,,,,,,,,,,,,,,,,,,,,,
,,,,,,,,,,,,,,,,,,,,,,,,,,,,,,,,,,,,,,,,,,,,,,,,,,,,,,,,
,,,,,,,,,,,,,,,,,,,,,,,,,,,,,,,,,,,,,,,,,,,,,,,,,,,,,,,,
,,,,,,,,,,,,,,,,,,,,,,,,,,,,,,,,,,,,,,,,,,,,,,,,,,,,,,,,
,,,,,,,,,,,,,,,,,,,,,,,,,,,,,,,,,,,,,,,,,,,,,,,,,,,,,,,,
,,,,,,,,,,,,,,,,,,,,,,,,,,,,,,,,,,,,,,,,,,,,,,,,,,,,,,,,
,,,,,,,,,,,,,,,,,,,,,,,,,,,,,,,,,,,,,,,,,,,,,,,,,,,,,,,,
,,,,,,,,,,,,,,,,,,,,,,,,,,,,,,,,,,,,,,,,,,,,,,,,,,,,,,,,
,,,,,,,,,,,,,,,,,,,,,,,,,,,,,,,,,,,,,,,,,,,,,,,,,,,,,,,,
,,,,,,,,,,,,,,,,,,,,,,,,,,,,,,,,,,,,,,,,,,,,,,,,,,,,,,,,
,,,,,,,,,,,,,,,,,,,,,,,,,,,,,,,,,,,,,,,,,,,,,,,,,,,,,,,,
,,,,,,,,,,,,,,,,,,,,,,,,,,,,,,,,,,,,,,,,,,,,,,,,,,,,,,,,
,,,,,,,,,,,,,,,,,,,,,,,,,,,,,,,,,,,,,,,,,,,,,,,,,,,,,,,,
,,,,,,,,,,,,,,,,,,,,,,,,,,,,,,,,,,,,,,,,,,,,,,,,,,,,,,,,
,,,,,,,,,,,,,,,,,,,,,,,,,,,,,,,,,,,,,,,,,,,,,,,,,,,,,,,,
,,,,,,,,,,,,,,,,,,,,,,,,,,,,,,,,,,,,,,,,,,,,,,,,,,,,,,,,
,,,,,,,,,,,,,,,,,,,,,,,,,,,,,,,,,,,,,,,,,,,,,,,,,,,,,,,,
,,,,,,,,,,,,,,,,,,,,,,,,,,,,,,,,,,,,,,,,,,,,,,,,,,,,,,,,
,,,,,,,,,,,,,,,,,,,,,,,,,,,,,,,,,,,,,,,,,,,,,,,,,,,,,,,,
,,,,,,,,,,,,,,,,,,,,,,,,,,,,,,,,,,,,,,,,,,,,,,,,,,,,,,,,
,,,,,,,,,,,,,,,,,,,,,,,,,,,,,,,,,,,,,,,,,,,,,,,,,,,,,,,,
,,,,,,,,,,,,,,,,,,,,,,,,,,,,,,,,,,,,,,,,,,,,,,,,,,,,,,,,
,,,,,,,,,,,,,,,,,,,,,,,,,,,,,,,,,,,,,,,,,,,,,,,,,,,,,,,,
,,,,,,,,,,,,,,,,,,,,,,,,,,,,,,,,,,,,,,,,,,,,,,,,,,,,,,,,
,,,,,,,,,,,,,,,,,,,,,,,,,,,,,,,,,,,,,,,,,,,,,,,,,,,,,,,,
,,,,,,,,,,,,,,,,,,,,,,,,,,,,,,,,,,,,,,,,,,,,,,,,,,,,,,,,
,,,,,,,,,,,,,,,,,,,,,,,,,,,,,,,,,,,,,,,,,,,,,,,,,,,,,,,,
,,,,,,,,,,,,,,,,,,,,,,,,,,,,,,,,,,,,,,,,,,,,,,,,,,,,,,,,
,,,,,,,,,,,,,,,,,,,,,,,,,,,,,,,,,,,,,,,,,,,,,,,,,,,,,,,,
,,,,,,,,,,,,,,,,,,,,,,,,,,,,,,,,,,,,,,,,,,,,,,,,,,,,,,,,
,,,,,,,,,,,,,,,,,,,,,,,,,,,,,,,,,,,,,,,,,,,,,,,,,,,,,,,,
,,,,,,,,,,,,,,,,,,,,,,,,,,,,,,,,,,,,,,,,,,,,,,,,,,,,,,,,
,,,,,,,,,,,,,,,,,,,,,,,,,,,,,,,,,,,,,,,,,,,,,,,,,,,,,,,,
,,,,,,,,,,,,,,,,,,,,,,,,,,,,,,,,,,,,,,,,,,,,,,,,,,,,,,,,
,,,,,,,,,,,,,,,,,,,,,,,,,,,,,,,,,,,,,,,,,,,,,,,,,,,,,,,,
,,,,,,,,,,,,,,,,,,,,,,,,,,,,,,,,,,,,,,,,,,,,,,,,,,,,,,,,
,,,,,,,,,,,,,,,,,,,,,,,,,,,,,,,,,,,,,,,,,,,,,,,,,,,,,,,,
,,,,,,,,,,,,,,,,,,,,,,,,,,,,,,,,,,,,,,,,,,,,,,,,,,,,,,,,
,,,,,,,,,,,,,,,,,,,,,,,,,,,,,,,,,,,,,,,,,,,,,,,,,,,,,,,,
,,,,,,,,,,,,,,,,,,,,,,,,,,,,,,,,,,,,,,,,,,,,,,,,,,,,,,,,
,,,,,,,,,,,,,,,,,,,,,,,,,,,,,,,,,,,,,,,,,,,,,,,,,,,,,,,,
,,,,,,,,,,,,,,,,,,,,,,,,,,,,,,,,,,,,,,,,,,,,,,,,,,,,,,,,
,,,,,,,,,,,,,,,,,,,,,,,,,,,,,,,,,,,,,,,,,,,,,,,,,,,,,,,,
,,,,,,,,,,,,,,,,,,,,,,,,,,,,,,,,,,,,,,,,,,,,,,,,,,,,,,,,
,,,,,,,,,,,,,,,,,,,,,,,,,,,,,,,,,,,,,,,,,,,,,,,,,,,,,,,,
,,,,,,,,,,,,,,,,,,,,,,,,,,,,,,,,,,,,,,,,,,,,,,,,,,,,,,,,
,,,,,,,,,,,,,,,,,,,,,,,,,,,,,,,,,,,,,,,,,,,,,,,,,,,,,,,,
,,,,,,,,,,,,,,,,,,,,,,,,,,,,,,,,,,,,,,,,,,,,,,,,,,,,,,,,
,,,,,,,,,,,,,,,,,,,,,,,,,,,,,,,,,,,,,,,,,,,,,,,,,,,,,,,,
,,,,,,,,,,,,,,,,,,,,,,,,,,,,,,,,,,,,,,,,,,,,,,,,,,,,,,,,
,,,,,,,,,,,,,,,,,,,,,,,,,,,,,,,,,,,,,,,,,,,,,,,,,,,,,,,,
,,,,,,,,,,,,,,,,,,,,,,,,,,,,,,,,,,,,,,,,,,,,,,,,,,,,,,,,
,,,,,,,,,,,,,,,,,,,,,,,,,,,,,,,,,,,,,,,,,,,,,,,,,,,,,,,,
,,,,,,,,,,,,,,,,,,,,,,,,,,,,,,,,,,,,,,,,,,,,,,,,,,,,,,,,
,,,,,,,,,,,,,,,,,,,,,,,,,,,,,,,,,,,,,,,,,,,,,,,,,,,,,,,,
,,,,,,,,,,,,,,,,,,,,,,,,,,,,,,,,,,,,,,,,,,,,,,,,,,,,,,,,
,,,,,,,,,,,,,,,,,,,,,,,,,,,,,,,,,,,,,,,,,,,,,,,,,,,,,,,,
,,,,,,,,,,,,,,,,,,,,,,,,,,,,,,,,,,,,,,,,,,,,,,,,,,,,,,,,
,,,,,,,,,,,,,,,,,,,,,,,,,,,,,,,,,,,,,,,,,,,,,,,,,,,,,,,,
,,,,,,,,,,,,,,,,,,,,,,,,,,,,,,,,,,,,,,,,,,,,,,,,,,,,,,,,
,,,,,,,,,,,,,,,,,,,,,,,,,,,,,,,,,,,,,,,,,,,,,,,,,,,,,,,,
,,,,,,,,,,,,,,,,,,,,,,,,,,,,,,,,,,,,,,,,,,,,,,,,,,,,,,,,
,,,,,,,,,,,,,,,,,,,,,,,,,,,,,,,,,,,,,,,,,,,,,,,,,,,,,,,,
,,,,,,,,,,,,,,,,,,,,,,,,,,,,,,,,,,,,,,,,,,,,,,,,,,,,,,,,
,,,,,,,,,,,,,,,,,,,,,,,,,,,,,,,,,,,,,,,,,,,,,,,,,,,,,,,,
,,,,,,,,,,,,,,,,,,,,,,,,,,,,,,,,,,,,,,,,,,,,,,,,,,,,,,,,
,,,,,,,,,,,,,,,,,,,,,,,,,,,,,,,,,,,,,,,,,,,,,,,,,,,,,,,,
,,,,,,,,,,,,,,,,,,,,,,,,,,,,,,,,,,,,,,,,,,,,,,,,,,,,,,,,
,,,,,,,,,,,,,,,,,,,,,,,,,,,,,,,,,,,,,,,,,,,,,,,,,,,,,,,,
,,,,,,,,,,,,,,,,,,,,,,,,,,,,,,,,,,,,,,,,,,,,,,,,,,,,,,,,
,,,,,,,,,,,,,,,,,,,,,,,,,,,,,,,,,,,,,,,,,,,,,,,,,,,,,,,,
,,,,,,,,,,,,,,,,,,,,,,,,,,,,,,,,,,,,,,,,,,,,,,,,,,,,,,,,
,,,,,,,,,,,,,,,,,,,,,,,,,,,,,,,,,,,,,,,,,,,,,,,,,,,,,,,,
,,,,,,,,,,,,,,,,,,,,,,,,,,,,,,,,,,,,,,,,,,,,,,,,,,,,,,,,
,,,,,,,,,,,,,,,,,,,,,,,,,,,,,,,,,,,,,,,,,,,,,,,,,,,,,,,,
,,,,,,,,,,,,,,,,,,,,,,,,,,,,,,,,,,,,,,,,,,,,,,,,,,,,,,,,
,,,,,,,,,,,,,,,,,,,,,,,,,,,,,,,,,,,,,,,,,,,,,,,,,,,,,,,,
,,,,,,,,,,,,,,,,,,,,,,,,,,,,,,,,,,,,,,,,,,,,,,,,,,,,,,,,
,,,,,,,,,,,,,,,,,,,,,,,,,,,,,,,,,,,,,,,,,,,,,,,,,,,,,,,,
,,,,,,,,,,,,,,,,,,,,,,,,,,,,,,,,,,,,,,,,,,,,,,,,,,,,,,,,
,,,,,,,,,,,,,,,,,,,,,,,,,,,,,,,,,,,,,,,,,,,,,,,,,,,,,,,,
,,,,,,,,,,,,,,,,,,,,,,,,,,,,,,,,,,,,,,,,,,,,,,,,,,,,,,,,
,,,,,,,,,,,,,,,,,,,,,,,,,,,,,,,,,,,,,,,,,,,,,,,,,,,,,,,,
,,,,,,,,,,,,,,,,,,,,,,,,,,,,,,,,,,,,,,,,,,,,,,,,,,,,,,,,
,,,,,,,,,,,,,,,,,,,,,,,,,,,,,,,,,,,,,,,,,,,,,,,,,,,,,,,,
,,,,,,,,,,,,,,,,,,,,,,,,,,,,,,,,,,,,,,,,,,,,,,,,,,,,,,,,
,,,,,,,,,,,,,,,,,,,,,,,,,,,,,,,,,,,,,,,,,,,,,,,,,,,,,,,,
,,,,,,,,,,,,,,,,,,,,,,,,,,,,,,,,,,,,,,,,,,,,,,,,,,,,,,,,
,,,,,,,,,,,,,,,,,,,,,,,,,,,,,,,,,,,,,,,,,,,,,,,,,,,,,,,,
,,,,,,,,,,,,,,,,,,,,,,,,,,,,,,,,,,,,,,,,,,,,,,,,,,,,,,,,
,,,,,,,,,,,,,,,,,,,,,,,,,,,,,,,,,,,,,,,,,,,,,,,,,,,,,,,,
,,,,,,,,,,,,,,,,,,,,,,,,,,,,,,,,,,,,,,,,,,,,,,,,,,,,,,,,
,,,,,,,,,,,,,,,,,,,,,,,,,,,,,,,,,,,,,,,,,,,,,,,,,,,,,,,,
,,,,,,,,,,,,,,,,,,,,,,,,,,,,,,,,,,,,,,,,,,,,,,,,,,,,,,,,
,,,,,,,,,,,,,,,,,,,,,,,,,,,,,,,,,,,,,,,,,,,,,,,,,,,,,,,,
,,,,,,,,,,,,,,,,,,,,,,,,,,,,,,,,,,,,,,,,,,,,,,,,,,,,,,,,
,,,,,,,,,,,,,,,,,,,,,,,,,,,,,,,,,,,,,,,,,,,,,,,,,,,,,,,,
,,,,,,,,,,,,,,,,,,,,,,,,,,,,,,,,,,,,,,,,,,,,,,,,,,,,,,,,
,,,,,,,,,,,,,,,,,,,,,,,,,,,,,,,,,,,,,,,,,,,,,,,,,,,,,,,,
,,,,,,,,,,,,,,,,,,,,,,,,,,,,,,,,,,,,,,,,,,,,,,,,,,,,,,,,
,,,,,,,,,,,,,,,,,,,,,,,,,,,,,,,,,,,,,,,,,,,,,,,,,,,,,,,,
,,,,,,,,,,,,,,,,,,,,,,,,,,,,,,,,,,,,,,,,,,,,,,,,,,,,,,,,
,,,,,,,,,,,,,,,,,,,,,,,,,,,,,,,,,,,,,,,,,,,,,,,,,,,,,,,,
,,,,,,,,,,,,,,,,,,,,,,,,,,,,,,,,,,,,,,,,,,,,,,,,,,,,,,,,
,,,,,,,,,,,,,,,,,,,,,,,,,,,,,,,,,,,,,,,,,,,,,,,,,,,,,,,,
,,,,,,,,,,,,,,,,,,,,,,,,,,,,,,,,,,,,,,,,,,,,,,,,,,,,,,,,
,,,,,,,,,,,,,,,,,,,,,,,,,,,,,,,,,,,,,,,,,,,,,,,,,,,,,,,,
,,,,,,,,,,,,,,,,,,,,,,,,,,,,,,,,,,,,,,,,,,,,,,,,,,,,,,,,
,,,,,,,,,,,,,,,,,,,,,,,,,,,,,,,,,,,,,,,,,,,,,,,,,,,,,,,,
,,,,,,,,,,,,,,,,,,,,,,,,,,,,,,,,,,,,,,,,,,,,,,,,,,,,,,,,
,,,,,,,,,,,,,,,,,,,,,,,,,,,,,,,,,,,,,,,,,,,,,,,,,,,,,,,,
,,,,,,,,,,,,,,,,,,,,,,,,,,,,,,,,,,,,,,,,,,,,,,,,,,,,,,,,
,,,,,,,,,,,,,,,,,,,,,,,,,,,,,,,,,,,,,,,,,,,,,,,,,,,,,,,,
,,,,,,,,,,,,,,,,,,,,,,,,,,,,,,,,,,,,,,,,,,,,,,,,,,,,,,,,
,,,,,,,,,,,,,,,,,,,,,,,,,,,,,,,,,,,,,,,,,,,,,,,,,,,,,,,,
,,,,,,,,,,,,,,,,,,,,,,,,,,,,,,,,,,,,,,,,,,,,,,,,,,,,,,,,
,,,,,,,,,,,,,,,,,,,,,,,,,,,,,,,,,,,,,,,,,,,,,,,,,,,,,,,,
,,,,,,,,,,,,,,,,,,,,,,,,,,,,,,,,,,,,,,,,,,,,,,,,,,,,,,,,
,,,,,,,,,,,,,,,,,,,,,,,,,,,,,,,,,,,,,,,,,,,,,,,,,,,,,,,,
,,,,,,,,,,,,,,,,,,,,,,,,,,,,,,,,,,,,,,,,,,,,,,,,,,,,,,,,
,,,,,,,,,,,,,,,,,,,,,,,,,,,,,,,,,,,,,,,,,,,,,,,,,,,,,,,,
,,,,,,,,,,,,,,,,,,,,,,,,,,,,,,,,,,,,,,,,,,,,,,,,,,,,,,,,
,,,,,,,,,,,,,,,,,,,,,,,,,,,,,,,,,,,,,,,,,,,,,,,,,,,,,,,,
,,,,,,,,,,,,,,,,,,,,,,,,,,,,,,,,,,,,,,,,,,,,,,,,,,,,,,,,
,,,,,,,,,,,,,,,,,,,,,,,,,,,,,,,,,,,,,,,,,,,,,,,,,,,,,,,,
,,,,,,,,,,,,,,,,,,,,,,,,,,,,,,,,,,,,,,,,,,,,,,,,,,,,,,,,
,,,,,,,,,,,,,,,,,,,,,,,,,,,,,,,,,,,,,,,,,,,,,,,,,,,,,,,,
,,,,,,,,,,,,,,,,,,,,,,,,,,,,,,,,,,,,,,,,,,,,,,,,,,,,,,,,
,,,,,,,,,,,,,,,,,,,,,,,,,,,,,,,,,,,,,,,,,,,,,,,,,,,,,,,,
,,,,,,,,,,,,,,,,,,,,,,,,,,,,,,,,,,,,,,,,,,,,,,,,,,,,,,,,
,,,,,,,,,,,,,,,,,,,,,,,,,,,,,,,,,,,,,,,,,,,,,,,,,,,,,,,,
,,,,,,,,,,,,,,,,,,,,,,,,,,,,,,,,,,,,,,,,,,,,,,,,,,,,,,,,
,,,,,,,,,,,,,,,,,,,,,,,,,,,,,,,,,,,,,,,,,,,,,,,,,,,,,,,,
,,,,,,,,,,,,,,,,,,,,,,,,,,,,,,,,,,,,,,,,,,,,,,,,,,,,,,,,
,,,,,,,,,,,,,,,,,,,,,,,,,,,,,,,,,,,,,,,,,,,,,,,,,,,,,,,,
,,,,,,,,,,,,,,,,,,,,,,,,,,,,,,,,,,,,,,,,,,,,,,,,,,,,,,,,
,,,,,,,,,,,,,,,,,,,,,,,,,,,,,,,,,,,,,,,,,,,,,,,,,,,,,,,,
,,,,,,,,,,,,,,,,,,,,,,,,,,,,,,,,,,,,,,,,,,,,,,,,,,,,,,,,
,,,,,,,,,,,,,,,,,,,,,,,,,,,,,,,,,,,,,,,,,,,,,,,,,,,,,,,,
,,,,,,,,,,,,,,,,,,,,,,,,,,,,,,,,,,,,,,,,,,,,,,,,,,,,,,,,
,,,,,,,,,,,,,,,,,,,,,,,,,,,,,,,,,,,,,,,,,,,,,,,,,,,,,,,,
,,,,,,,,,,,,,,,,,,,,,,,,,,,,,,,,,,,,,,,,,,,,,,,,,,,,,,,,
,,,,,,,,,,,,,,,,,,,,,,,,,,,,,,,,,,,,,,,,,,,,,,,,,,,,,,,,
,,,,,,,,,,,,,,,,,,,,,,,,,,,,,,,,,,,,,,,,,,,,,,,,,,,,,,,,
,,,,,,,,,,,,,,,,,,,,,,,,,,,,,,,,,,,,,,,,,,,,,,,,,,,,,,,,
,,,,,,,,,,,,,,,,,,,,,,,,,,,,,,,,,,,,,,,,,,,,,,,,,,,,,,,,
,,,,,,,,,,,,,,,,,,,,,,,,,,,,,,,,,,,,,,,,,,,,,,,,,,,,,,,,
,,,,,,,,,,,,,,,,,,,,,,,,,,,,,,,,,,,,,,,,,,,,,,,,,,,,,,,,
,,,,,,,,,,,,,,,,,,,,,,,,,,,,,,,,,,,,,,,,,,,,,,,,,,,,,,,,
,,,,,,,,,,,,,,,,,,,,,,,,,,,,,,,,,,,,,,,,,,,,,,,,,,,,,,,,
,,,,,,,,,,,,,,,,,,,,,,,,,,,,,,,,,,,,,,,,,,,,,,,,,,,,,,,,
,,,,,,,,,,,,,,,,,,,,,,,,,,,,,,,,,,,,,,,,,,,,,,,,,,,,,,,,
,,,,,,,,,,,,,,,,,,,,,,,,,,,,,,,,,,,,,,,,,,,,,,,,,,,,,,,,
,,,,,,,,,,,,,,,,,,,,,,,,,,,,,,,,,,,,,,,,,,,,,,,,,,,,,,,,
,,,,,,,,,,,,,,,,,,,,,,,,,,,,,,,,,,,,,,,,,,,,,,,,,,,,,,,,
,,,,,,,,,,,,,,,,,,,,,,,,,,,,,,,,,,,,,,,,,,,,,,,,,,,,,,,,
,,,,,,,,,,,,,,,,,,,,,,,,,,,,,,,,,,,,,,,,,,,,,,,,,,,,,,,,
,,,,,,,,,,,,,,,,,,,,,,,,,,,,,,,,,,,,,,,,,,,,,,,,,,,,,,,,
,,,,,,,,,,,,,,,,,,,,,,,,,,,,,,,,,,,,,,,,,,,,,,,,,,,,,,,,
,,,,,,,,,,,,,,,,,,,,,,,,,,,,,,,,,,,,,,,,,,,,,,,,,,,,,,,,
,,,,,,,,,,,,,,,,,,,,,,,,,,,,,,,,,,,,,,,,,,,,,,,,,,,,,,,,
,,,,,,,,,,,,,,,,,,,,,,,,,,,,,,,,,,,,,,,,,,,,,,,,,,,,,,,,
,,,,,,,,,,,,,,,,,,,,,,,,,,,,,,,,,,,,,,,,,,,,,,,,,,,,,,,,
,,,,,,,,,,,,,,,,,,,,,,,,,,,,,,,,,,,,,,,,,,,,,,,,,,,,,,,,
,,,,,,,,,,,,,,,,,,,,,,,,,,,,,,,,,,,,,,,,,,,,,,,,,,,,,,,,
,,,,,,,,,,,,,,,,,,,,,,,,,,,,,,,,,,,,,,,,,,,,,,,,,,,,,,,,
,,,,,,,,,,,,,,,,,,,,,,,,,,,,,,,,,,,,,,,,,,,,,,,,,,,,,,,,
,,,,,,,,,,,,,,,,,,,,,,,,,,,,,,,,,,,,,,,,,,,,,,,,,,,,,,,,
,,,,,,,,,,,,,,,,,,,,,,,,,,,,,,,,,,,,,,,,,,,,,,,,,,,,,,,,
,,,,,,,,,,,,,,,,,,,,,,,,,,,,,,,,,,,,,,,,,,,,,,,,,,,,,,,,
,,,,,,,,,,,,,,,,,,,,,,,,,,,,,,,,,,,,,,,,,,,,,,,,,,,,,,,,
,,,,,,,,,,,,,,,,,,,,,,,,,,,,,,,,,,,,,,,,,,,,,,,,,,,,,,,,
,,,,,,,,,,,,,,,,,,,,,,,,,,,,,,,,,,,,,,,,,,,,,,,,,,,,,,,,
,,,,,,,,,,,,,,,,,,,,,,,,,,,,,,,,,,,,,,,,,,,,,,,,,,,,,,,,
,,,,,,,,,,,,,,,,,,,,,,,,,,,,,,,,,,,,,,,,,,,,,,,,,,,,,,,,
,,,,,,,,,,,,,,,,,,,,,,,,,,,,,,,,,,,,,,,,,,,,,,,,,,,,,,,,
,,,,,,,,,,,,,,,,,,,,,,,,,,,,,,,,,,,,,,,,,,,,,,,,,,,,,,,,
,,,,,,,,,,,,,,,,,,,,,,,,,,,,,,,,,,,,,,,,,,,,,,,,,,,,,,,,
,,,,,,,,,,,,,,,,,,,,,,,,,,,,,,,,,,,,,,,,,,,,,,,,,,,,,,,,
,,,,,,,,,,,,,,,,,,,,,,,,,,,,,,,,,,,,,,,,,,,,,,,,,,,,,,,,
,,,,,,,,,,,,,,,,,,,,,,,,,,,,,,,,,,,,,,,,,,,,,,,,,,,,,,,,
,,,,,,,,,,,,,,,,,,,,,,,,,,,,,,,,,,,,,,,,,,,,,,,,,,,,,,,,
,,,,,,,,,,,,,,,,,,,,,,,,,,,,,,,,,,,,,,,,,,,,,,,,,,,,,,,,
,,,,,,,,,,,,,,,,,,,,,,,,,,,,,,,,,,,,,,,,,,,,,,,,,,,,,,,,
,,,,,,,,,,,,,,,,,,,,,,,,,,,,,,,,,,,,,,,,,,,,,,,,,,,,,,,,
,,,,,,,,,,,,,,,,,,,,,,,,,,,,,,,,,,,,,,,,,,,,,,,,,,,,,,,,
,,,,,,,,,,,,,,,,,,,,,,,,,,,,,,,,,,,,,,,,,,,,,,,,,,,,,,,,
,,,,,,,,,,,,,,,,,,,,,,,,,,,,,,,,,,,,,,,,,,,,,,,,,,,,,,,,
,,,,,,,,,,,,,,,,,,,,,,,,,,,,,,,,,,,,,,,,,,,,,,,,,,,,,,,,
,,,,,,,,,,,,,,,,,,,,,,,,,,,,,,,,,,,,,,,,,,,,,,,,,,,,,,,,
,,,,,,,,,,,,,,,,,,,,,,,,,,,,,,,,,,,,,,,,,,,,,,,,,,,,,,,,
,,,,,,,,,,,,,,,,,,,,,,,,,,,,,,,,,,,,,,,,,,,,,,,,,,,,,,,,
,,,,,,,,,,,,,,,,,,,,,,,,,,,,,,,,,,,,,,,,,,,,,,,,,,,,,,,,
,,,,,,,,,,,,,,,,,,,,,,,,,,,,,,,,,,,,,,,,,,,,,,,,,,,,,,,,
,,,,,,,,,,,,,,,,,,,,,,,,,,,,,,,,,,,,,,,,,,,,,,,,,,,,,,,,
,,,,,,,,,,,,,,,,,,,,,,,,,,,,,,,,,,,,,,,,,,,,,,,,,,,,,,,,
,,,,,,,,,,,,,,,,,,,,,,,,,,,,,,,,,,,,,,,,,,,,,,,,,,,,,,,,
,,,,,,,,,,,,,,,,,,,,,,,,,,,,,,,,,,,,,,,,,,,,,,,,,,,,,,,,
,,,,,,,,,,,,,,,,,,,,,,,,,,,,,,,,,,,,,,,,,,,,,,,,,,,,,,,,
,,,,,,,,,,,,,,,,,,,,,,,,,,,,,,,,,,,,,,,,,,,,,,,,,,,,,,,,
,,,,,,,,,,,,,,,,,,,,,,,,,,,,,,,,,,,,,,,,,,,,,,,,,,,,,,,,
,,,,,,,,,,,,,,,,,,,,,,,,,,,,,,,,,,,,,,,,,,,,,,,,,,,,,,,,
,,,,,,,,,,,,,,,,,,,,,,,,,,,,,,,,,,,,,,,,,,,,,,,,,,,,,,,,
,,,,,,,,,,,,,,,,,,,,,,,,,,,,,,,,,,,,,,,,,,,,,,,,,,,,,,,,
,,,,,,,,,,,,,,,,,,,,,,,,,,,,,,,,,,,,,,,,,,,,,,,,,,,,,,,,
,,,,,,,,,,,,,,,,,,,,,,,,,,,,,,,,,,,,,,,,,,,,,,,,,,,,,,,,
,,,,,,,,,,,,,,,,,,,,,,,,,,,,,,,,,,,,,,,,,,,,,,,,,,,,,,,,
,,,,,,,,,,,,,,,,,,,,,,,,,,,,,,,,,,,,,,,,,,,,,,,,,,,,,,,,
,,,,,,,,,,,,,,,,,,,,,,,,,,,,,,,,,,,,,,,,,,,,,,,,,,,,,,,,
,,,,,,,,,,,,,,,,,,,,,,,,,,,,,,,,,,,,,,,,,,,,,,,,,,,,,,,,
,,,,,,,,,,,,,,,,,,,,,,,,,,,,,,,,,,,,,,,,,,,,,,,,,,,,,,,,
,,,,,,,,,,,,,,,,,,,,,,,,,,,,,,,,,,,,,,,,,,,,,,,,,,,,,,,,
,,,,,,,,,,,,,,,,,,,,,,,,,,,,,,,,,,,,,,,,,,,,,,,,,,,,,,,,
,,,,,,,,,,,,,,,,,,,,,,,,,,,,,,,,,,,,,,,,,,,,,,,,,,,,,,,,
,,,,,,,,,,,,,,,,,,,,,,,,,,,,,,,,,,,,,,,,,,,,,,,,,,,,,,,,
,,,,,,,,,,,,,,,,,,,,,,,,,,,,,,,,,,,,,,,,,,,,,,,,,,,,,,,,